Unnamed: 0;n_ships;own_mmsi;obst_mmsi;own_name;obst_name;own_callsign;obst_callsign;own_length;obst_length;own_width;obst_width;own_type;obst_type;own_nav_status;obst_nav_status;own_speed;obst_speed;multi_man_own;maneuver_made_own;maneuver_index_own;maneuver_stop_idx_own;r_maneuver_own;pre_man_dist_own;pre_man_t_cpa_own;post_man_dist_own;post_man_t_cpa_own;delta_speed_own;delta_course_own;multi_man_obst;maneuver_made_obst;maneuver_index_obst;maneuver_stop_idx_obst;r_maneuver_obst;pre_man_dist_obst;pre_man_t_cpa_obst;post_man_dist_obst;post_man_t_cpa_obst;delta_speed_obst;delta_course_obst;alpha_start;beta_start;r_cpa;alpha_cpa;beta_cpa;lon_maneuver;lat_maneuver;COLREG;single_COLREG_type;time;date_cpa;cpa_idx;start_idx;stop_idx;case;dataset;COLREGS_not_filt;COLREGS_filt;img_name;img_class
7;11;236668000;257589600;KEY WEST;LIAHOLM;ZDPF7;LMDJ;90.0;33.19;;;;;0.0;0.0;6.686973958333333;3.8736059027777774;False;True;7;13;3773.94226240943;2904.1;15.0;3536.9;0.0;-0.0326335754024658;30.364880283215903;False;True;5;10;4111.186378650329;2864.5;14.0;3117.0;12.0;-0.1018631643411842;22.20008431767015;69.91693193453396;291.838806934534;1600.7968671883398;-88.03810936824095;33.11814063175908;9.498093;63.75285;-1.0;True;00:10:00;2020-01-04 20:39:00;58;1;11;A3TVL;encs_north;2;4.0;./img/236668000-257589600-A3TVL_-1.0.png;False
9;11;236668000;257906000;KEY WEST;GAASOE VIKING;ZDPF7;LGUY;90.0;78.0;;;;;0.0;0.0;6.66991512345679;5.984882330246914;False;True;7;13;4640.436105583181;2879.3;19.0;4008.0;15.0;-0.0326335754024658;30.364880283215903;False;True;8;21;4420.672891087962;2813.4;19.0;4240.2;0.0;-0.0152066269468749;27.087534496173987;45.52184424108458;274.4437192410846;2170.1480963289127;-100.3595438010479;46.652174948952094;9.498093;63.75285;-1.0;True;00:09:00;2020-01-04 20:26:00;45;1;10;A3TVL;encs_north;2;4.0;./img/236668000-257906000-A3TVL_-1.0.png;False
40;61;259371000;257045690;MS NORDNORGE;FOSNA ATLAS;3YGW;LH2289;123.3;15.0;;;;;0.0;0.0;6.974026813271605;4.670190972222223;False;False;5;5;4310.465289269831;;;;;0.0;0.0;False;True;3;9;5490.464738981576;59.5;12.0;575.2;10.0;0.6682752493814803;28.890958367606697;49.257205724456846;332.00720572445687;595.2218829982623;-46.90132110326405;275.786178896736;9.35613;63.567;-1.0;True;00:09:00;2020-01-06 11:33:00;11;1;10;WYIKX;encs_north;2;2.0;;
43;8;258219280;257252000;;GASO FREYJA;;LDZS;;85.0;;;;;0.0;0.0;2.5684349959935897;4.589809027777778;True;False;18;18;2909.354870069996;;;;;0.0;0.0;True;True;18;27;2909.354870069996;2841.0;23.0;941.1;0.0;0.9743448989369616;58.63321529377927;30.05961550882218;272.55961550882216;762.2887904200084;-85.64206749115955;211.1079325088405;8.909724;63.717045;-1.0;True;00:13:00;2020-01-06 17:05:00;27;12;25;X8GEN;encs_north;1;1.0;;
62;31;257020390;257743700;TARESUND;;LEMD;;17.17;;;;;;0.0;0.0;4.142014612268519;4.699664351851852;False;True;5;11;1620.7500640135777;1603.1;7.0;1665.9;0.0;0.0477913674383088;-25.59991013472132;False;True;3;11;2633.617293761561;2609.3;6.0;1665.9;0.0;-0.1546001046870904;15.447778503112746;27.35342756287456;341.9471775628746;305.3963490286102;87.81671436693154;55.47296436693151;8.847275;63.722942;-1.0;True;00:06:00;2020-01-07 06:25:00;8;1;7;3ONEJ;encs_north;1;1.0;./img/257020390-257743700-3ONEJ_-1.0.png;False
83;16;257057960;258476000;LAGATUN;LANGSUND;LESQ;LLPM;108.0;58.0;;;;;0.0;0.0;6.524334490740742;4.038522858796297;False;True;4;10;2101.211117427278;525.6;8.0;1037.6;0.0;0.5552187856554132;-1.235618636934077;False;False;6;6;1236.6216074450656;;;;;0.0;0.0;52.7881928264992;302.16319282649926;555.3297578916486;-36.80928005645775;221.2532199435423;10.145489;63.505233;-1.0;True;00:06:00;2020-01-07 20:38:00;9;3;9;2D59K;encs_north;1;1.0;./img/257057960-258476000-2D59K_-1.0.png;False
124;47;257203020;257086760;HELLEFISK;;LM2572;;11.0;;;;;;0.0;0.0;3.6320581597222223;5.3397725694444444;False;False;4;4;1335.4555814402868;;;;;0.0;0.0;False;True;3;6;1434.5285113931966;316.0;13.0;24.2;17.0;0.1119895691065111;8.313686954761282;68.53809527138145;266.7880952713815;699.6059033484504;106.89793485735449;62.52293485735452;8.638235;63.777605;-1.0;True;00:05:00;2020-01-14 08:58:00;7;2;7;VXKB7;encs_north;1;1.0;;
146;8;257391000;257053240;BJUGNHOLM;ELIAS;LAMN;LK6401;60.0;13.0;;;;;0.0;0.0;5.272553168402778;3.858333333333333;False;True;6;11;11118.765979190315;3109.6;26.0;505.7;26.0;-0.1409646720039128;-23.55274272150788;False;False;5;5;11613.516646563176;;;;;0.0;0.0;9.81508436538538;335.81508436538536;290.8134281631422;90.0053035468645;84.3490535468645;9.899533;63.939064;-1.0;True;00:08:00;2020-01-14 11:10:00;27;1;9;JMKAM;encs_north;1;3.0;./img/257391000-257053240-JMKAM_-1.0.png;False
148;8;257391000;257060100;BJUGNHOLM;257060100;LAMN;;60.0;0.0;;0.0;;0.0;0.0;0.0;5.196692708333333;4.673875144675926;False;False;25;25;4470.393554263427;;;;;0.0;0.0;False;False;25;25;4470.393554263427;;;;;0.0;0.0;106.67588226495673;330.5821322649567;319.86625329971696;78.39509736747756;73.52009736747753;9.945352;63.987611;-1.0;True;00:06:00;2020-01-14 11:14:00;31;22;28;JMKAM;encs_north;2;2.0;;
160;5;231251000;220000000;HAV STREYM;NORDVAAG;OZ2144;OYFD2;83.0;88.8;;;;;0.0;0.0;3.273303493923612;5.837738715277778;False;False;11;11;2097.555980182652;;;;;0.0;0.0;False;True;11;17;2097.555980182652;367.6;14.0;1376.4;0.0;0.0115154834449877;50.76357699017552;21.561390106123653;326.90514010612367;230.29520186056968;177.16670469168778;176.34248594168778;10.3234;64.26454;-1.0;True;00:08:00;2021-02-02 08:38:00;16;7;15;NTXDF;encs_north;1;1.0;;
166;11;257743700;257610600;;;;;;;;;;;0.0;0.0;4.7634340277777785;1.9752858072916664;False;True;30;35;2243.0531201913163;2325.4;0.0;1217.0;38.0;-3.957545209806093;157.58472014450197;False;False;30;30;2243.0531201913163;;;;;0.0;0.0;9.264868384439849;327.38986838443986;565.6302679312719;-109.16310263231988;63.211897367680095;8.845447;63.745697;-1.0;True;00:05:00;2019-02-07 07:12:00;48;28;33;2QXRJ;encs_north;1;1.0;./img/257743700-257610600-2QXRJ_-1.0.png;False
179;10;257055610;257386000;INTER BARENTS;HOVDEN VIKING;LFEE;LEYN;62.0;46.0;;;;;0.0;0.0;6.335704861111111;4.902494791666666;False;True;29;35;2906.118077435945;333.0;33.0;1696.8;0.0;0.0508409224551664;-24.39725093634121;False;False;21;21;8091.244419123674;;;;;0.0;0.0;18.36009768609575;346.7663476860957;375.9200047882524;45.49894018087087;47.74894018087085;6.853592;62.96155;-1.0;True;00:20:00;2020-02-10 22:09:00;33;11;31;KW18E;encs_north;1;3.0;./img/257055610-257386000-KW18E_-1.0.png;False
231;54;257916600;258364000;FROY FIGHTER;NAMSOS;LDMP;3YYZ;40.0;85.0;;;;;0.0;0.0;4.979661458333333;4.908121527777777;True;True;2;5;1596.5729548003806;46.8;8.0;403.4;0.0;0.1506437531538713;-6.618288853205192;True;False;3;3;1265.819355200413;;;;;0.0;0.0;64.00212789600617;292.7833778960062;301.6647974159392;170.603159757112;35.38440975711201;8.64668;63.8346;-1.0;True;00:05:00;2020-02-16 14:17:00;7;1;6;1TMRX;encs_north;1;1.0;./img/257916600-258364000-1TMRX_-1.0.png;True
236;54;259506000;257487700;SVEASUND;;LJEC;;62.0;;;;;;0.0;0.0;3.834766808712121;3.67582978219697;False;False;6;6;1520.4530903648429;;;;;0.0;0.0;False;True;2;5;2388.671618284941;143.7;10.0;188.4;11.0;-0.1793521222430523;-3.648405696641344;50.25156939500316;300.1265693950032;334.5240200643292;-34.44821284628072;207.9267871537193;6.83631;62.9576;-1.0;True;00:11:00;2020-02-16 14:23:00;13;1;12;1TMRX;encs_north;2;2.0;;
237;54;259506000;259501000;SVEASUND;TRONDERHAV;LJEC;LJBI;62.0;36.26;;;;;0.0;0.0;3.841140528549383;4.509427083333334;False;False;5;5;2716.276605944246;;;;;0.0;0.0;False;False;5;5;2716.276605944246;;;;;0.0;0.0;34.6721613187387;277.1721613187387;1215.9628489390625;-42.08100262718082;204.79399737281915;6.838788;62.95932;-1.0;True;00:09:00;2020-02-16 14:25:00;15;1;10;1TMRX;encs_north;2;2.0;;
239;8;257594600;257489500;SJOHAV;BJARNE NILSEN;LMMF;LEJN;37.0;44.35;;;;;0.0;0.0;3.0950397858796297;3.763884548611111;False;False;21;21;2441.756730307095;;;;;0.0;0.0;False;True;21;27;2441.756730307095;774.7;50.0;2518.8;0.0;-3.3779492319607165;173.21373273631966;78.95603692353352;267.2060369235336;348.6339627747115;121.89389262551596;126.143892625516;8.418815;63.961373;-1.0;True;00:06:00;2021-02-19 18:04:00;5;18;24;G5LNB;encs_north;1;2.0;;
240;8;257594600;259225000;SJOHAV;SKULBAREN;LMMF;JWLH;37.0;38.0;;;;;0.0;0.0;4.388280009920634;2.432702132936508;False;True;6;10;1971.3757049329809;1454.1;15.0;398.5;15.0;-0.0052455018247945;-32.88859441808236;False;True;9;13;1526.0041480939694;304.9;15.0;386.0;15.0;0.0530785875109718;-3.240251070238901;107.84665457999184;306.2216545799919;382.9518246463904;176.0573757021882;38.182375702188224;8.468677;63.982111;-1.0;True;00:07:00;2021-02-19 18:15:00;16;4;11;G5LNB;encs_north;1;3.0;./img/257594600-259225000-G5LNB_-1.0.png;False
243;8;259225000;257594600;SKULBAREN;SJOHAV;JWLH;LMMF;38.0;37.0;;;;;0.0;0.0;2.332416087962963;3.3351808449074074;False;False;32;32;1391.3453129974605;;;;;0.0;0.0;False;False;32;32;1391.3453129974605;;;;;0.0;0.0;98.29425133583378;280.41925133583385;382.9518246463904;38.182375702188224;176.0573757021882;8.4043;63.9458;-1.0;True;00:06:00;2021-02-19 18:15:00;16;29;35;G5LNB;encs_north;1;1.0;;
244;14;257019320;257219400;;BJORNSUND;;LIAD;;73.52;;;;;0.0;0.0;8.456984375000001;5.129573784722221;False;False;43;43;3031.060515727128;;;;;0.0;0.0;False;True;43;50;3031.060515727128;2200.6;45.0;1562.6;0.0;0.0339842269293062;5.939250639502805;93.50244799115912;287.0024479911592;296.0363491194971;-161.75742793789487;98.2425720621051;7.847909;63.14216;-1.0;True;00:10:00;2019-02-21 07:15:00;49;38;48;XI40Y;encs_north;1;1.0;;
278;27;257445000;249581000;VESTBAS;MT ALAND;LHRX;9HA4298;34.07;100.0;;;;;0.0;0.0;3.3888525390625004;5.054014756944444;False;True;3;10;6903.781601412375;4883.5;50.0;4206.7;18.0;-0.597913136118329;-82.22063276047761;False;False;5;5;6663.200709869094;;;;;0.0;0.0;62.04107237591122;255.22857237591123;4267.067448494342;117.88808355653228;58.23183355653222;6.848367;63.160256;-1.0;True;00:08:00;2021-02-22 10:16:00;19;1;9;Q09Y6;encs_north;2;4.0;./img/257445000-249581000-Q09Y6_-1.0.png;False
281;27;257445000;259620000;VESTBAS;ATLOEY VIKING;LHRX;LJSY;34.07;34.0;;;;;0.0;0.0;3.117613715277778;4.013068576388889;False;False;13;13;2765.804398362256;;;;;0.0;0.0;False;False;13;13;2765.804398362256;;;;;0.0;0.0;16.291476503072076;335.1977265030721;664.8905248234488;94.40787120134776;44.65787120134776;6.86754;63.1506;-1.0;True;00:05:00;2021-02-22 10:16:00;19;11;16;Q09Y6;encs_north;3;3.0;;
288;27;257465500;259428000;MIDOEY VIKING;HAVDRON;LGUP;LIRW;33.46;61.0;;;;;0.0;0.0;5.049325810185185;4.595167824074074;False;True;4;9;8900.056775099809;5243.2;28.0;6035.0;20.0;0.1291705116380912;-14.694086173501429;False;True;5;10;8695.450845700872;5670.5;27.0;5867.8;20.0;-0.1610598516334516;13.258185430230414;103.20139433568916;340.50144316381414;2305.54485100594;142.63853767192435;51.13853767192437;6.773836;63.048858;-1.0;True;00:06:00;2021-02-22 10:23:00;26;1;7;Q09Y6;encs_north;2;7.0;./img/257465500-259428000-Q09Y6_-1.0.png;False
289;27;257492800;257465500;HAVSUND;MIDOEY VIKING;LG7406;LGUP;14.6;33.46;;;;;0.0;0.0;3.384883680555556;5.107870659722223;True;False;6;6;3065.811187924005;;;;;0.0;0.0;True;True;4;9;3812.416307278103;842.5;11.0;960.3;13.0;0.1291705116380912;-14.694086173501429;25.34168993940461;310.41664111127955;865.3796854560425;101.69102111579248;120.81602111579252;6.750242;63.0796;-1.0;True;00:10:00;2021-02-22 10:20:00;23;1;11;Q09Y6;encs_north;4;5.0;;
294;27;257564600;257492800;STOREGG;HAVSUND;LLLP;LG7406;30.0;14.6;;;;;0.0;0.0;3.730057146990741;3.258148148148148;True;False;4;4;2191.1620022262164;;;;;0.0;0.0;True;True;4;9;2191.1620022262164;473.9;18.0;1001.8;13.0;0.4893946397789934;44.397189199468144;35.960041974096924;275.5850419740969;1323.432816579671;-63.30356147451784;255.8839385254822;6.78483;63.084725;-1.0;True;00:06:00;2021-02-22 10:05:00;8;1;7;Q09Y6;encs_north;2;4.0;;
295;27;257564600;257578600;STOREGG;TUNFISK;LLLP;LLWG;30.0;37.0;;;;;0.0;0.0;3.669770688657408;3.438337673611111;False;False;7;7;3438.79996074212;;;;;0.0;0.0;False;True;9;15;3221.0220567391343;529.8;43.0;813.8;18.0;0.6865726281597753;54.99055880296493;79.67404889377578;305.92404889377576;702.9312413031591;-60.51962390896656;117.23037609103342;6.782;63.078873;-1.0;True;00:06:00;2021-02-22 10:26:00;29;4;10;Q09Y6;encs_north;2;4.0;;
297;27;257564600;259617000;STOREGG;-99;LLLP;-99;30.0;36.34;;;;;0.0;0.0;3.747498998397436;2.231912893963675;True;False;29;29;6454.115748884583;;;;;0.0;0.0;True;True;31;37;6087.48886980502;2373.8;50.0;4186.6;50.0;0.0787836144763238;8.446947846345598;90.32621451489456;292.82621451489456;175.94547450843933;39.30269258398325;103.92769258398329;6.721236;63.071729;-1.0;True;00:13:00;2021-02-22 10:00:00;3;23;36;Q09Y6;encs_north;2;2.0;;
304;27;257576600;259180000;OLAGUTT;LUROYBAS;LLRW;JWVR;30.45;27.43;;;;;0.0;0.0;3.262932787698412;3.7038851686507934;False;True;26;33;4847.691888930237;1155.8;40.0;2980.6;50.0;-0.7260749907579847;93.47504261019526;False;True;24;30;5377.15173116772;1965.3;50.0;3090.9;49.0;-0.046943355214865;25.53602106953543;36.322183080480535;254.07218308048056;2247.100151306123;-3.393910142693151;136.4810898573068;6.78685;63.1145;-1.0;True;00:07:00;2021-02-22 10:46:00;49;22;29;Q09Y6;encs_north;4;4.0;./img/257576600-259180000-Q09Y6_-1.0.png;False
307;27;257578600;257564600;TUNFISK;STOREGG;LLWG;LLLP;37.0;30.0;;;;;0.0;0.0;3.6955598958333336;3.335180844907408;False;False;26;26;937.2586676046265;;;;;0.0;0.0;False;True;27;32;835.0648657439733;172.1;35.0;1002.9;0.0;0.8088410426413475;-30.021208402283207;104.50215777203596;274.502157772036;702.9312413031591;117.23037609103342;299.48037609103346;6.725004;63.06082;-1.0;True;00:06:00;2021-02-22 10:26:00;29;23;29;Q09Y6;encs_north;1;1.0;;
308;27;257584600;257305000;MARIE;SULEBAS;LMCW;LECW;30.0;38.55;;;;;0.0;0.0;3.4294621672453705;3.330994285300926;False;False;37;37;1930.244671019713;;;;;0.0;0.0;False;True;39;44;1722.3461789082933;671.1;50.0;628.9;47.0;-0.0505760439391651;5.758649831175003;61.43850131528507;343.43850131528507;853.5419907655389;140.83050391757976;88.83050391757979;6.76861;63.1249;-1.0;True;00:12:00;2021-02-22 10:43:00;46;31;43;Q09Y6;encs_north;4;4.0;;
309;27;257584600;257465500;MARIE;MIDOEY VIKING;LMCW;LGUP;30.0;33.46;;;;;0.0;0.0;4.247755146329364;5.019278273809524;True;False;23;23;569.3115579364256;;;;;0.0;0.0;True;False;23;23;569.3115579364256;;;;;0.0;0.0;63.07261428353616;250.67417678353613;392.57888379279774;108.22281450202289;296.4220332520229;6.78523;63.101;-1.0;True;00:14:00;2021-02-22 10:26:00;29;16;30;Q09Y6;encs_north;5;7.0;;
310;27;257584600;257492800;MARIE;HAVSUND;LMCW;LG7406;30.0;14.6;;;;;0.0;0.0;3.8322092013888898;3.258148148148148;False;True;2;10;3986.062966135884;135.9;26.0;353.4;18.0;-0.1901560804367563;-38.17095874636664;False;True;4;9;3489.70189127954;420.5;32.0;135.0;19.0;0.4893946397789934;44.397189199468144;49.05151120788114;311.6765112078811;356.5187232109974;47.35368725164773;96.3771247516477;6.801612;63.100275;-1.0;True;00:06:00;2021-02-22 10:19:00;22;1;7;Q09Y6;encs_north;2;9.0;./img/257584600-257492800-Q09Y6_-1.0.png;False
312;27;257584600;257576600;MARIE;OLAGUTT;LMCW;LLRW;30.0;30.45;;;;;0.0;0.0;4.301941189236112;3.131630316840278;False;True;17;24;2559.562689210796;484.4;25.0;503.0;27.0;-0.1262248647056392;-18.76126880431506;False;True;21;27;1445.6822956652682;357.4;24.0;28.9;39.0;0.2833510305883531;-26.66460151916669;58.75049418014906;275.75049418014913;632.7631863501542;156.78164594096447;44.730864690964495;6.7791;63.087167;-1.0;True;00:08:00;2021-02-22 10:26:00;29;15;23;Q09Y6;encs_north;5;7.0;./img/257584600-257576600-Q09Y6_-1.0.png;False
318;27;257594600;258470000;SJOHAV;SEGLA;LMMF;LLZL;37.0;36.4;;;;;0.0;0.0;4.298647762345679;3.509899932484568;True;True;14;18;3563.424921336213;312.6;50.0;798.2;35.0;-0.1825376873467616;-11.902911872925834;True;False;20;20;2786.1436861727;;;;;0.0;0.0;110.7011714075157;301.95117140751574;541.5474586774455;0.0;0.0;6.691035;63.09159;-1.0;True;00:18:00;2021-02-22 10:37:00;40;11;29;Q09Y6;encs_north;1;1.0;./img/257594600-258470000-Q09Y6_-1.0.png;True
320;27;258083000;257465500;ORFJORD;MIDOEY VIKING;LDAA;LGUP;35.0;33.46;;;;;0.0;0.0;4.566196831597222;5.022364366319445;False;False;17;17;2865.788647126651;;;;;0.0;0.0;False;False;17;17;2865.788647126651;;;;;0.0;0.0;78.34219095921617;247.63906595921617;879.1928229916343;70.30575731594617;55.80575731594615;6.74915;63.0985;-1.0;True;00:08:00;2021-02-22 10:22:00;25;13;21;Q09Y6;encs_north;4;4.0;;
321;27;258083000;257492800;ORFJORD;HAVSUND;LDAA;LG7406;35.0;14.6;;;;;0.0;0.0;4.542154017857143;3.505514012896825;False;False;16;16;1287.276477684573;;;;;0.0;0.0;False;True;17;25;1080.1622563300386;1189.2;0.0;1565.2;0.0;-0.8542901953599706;-197.89320798295984;91.49426628309284;278.5880162830928;683.4451331306714;98.52227602014165;283.61602602014165;6.745792;63.096367;-1.0;True;00:07:00;2021-02-22 10:16:00;19;13;20;Q09Y6;encs_north;4;4.0;;
322;27;258083000;257576600;ORFJORD;OLAGUTT;LDAA;LLRW;35.0;30.45;;;;;0.0;0.0;4.621961805555556;3.155326244212964;False;False;18;18;2836.1754882235336;;;;;0.0;0.0;False;False;18;18;2836.1754882235336;;;;;0.0;0.0;23.949570493387988;312.605820493388;253.8930877357625;9.0102087857794;232.63520878577947;6.752218;63.100489;-1.0;True;00:06:00;2021-02-22 10:29:00;32;15;21;Q09Y6;encs_north;4;4.0;;
323;27;258083000;257584600;ORFJORD;MARIE;LDAA;LMCW;35.0;30.0;;;;;0.0;0.0;4.470642795138889;4.285161458333333;False;True;23;28;883.7267733864351;175.3;24.0;933.5;0.0;-0.4739192415187379;-208.82399657091727;False;True;17;24;1964.8540810961008;717.9;30.0;373.7;27.0;-0.1262248647056392;-18.76126880431506;9.546048460024704;261.2022984600247;390.20308814769857;69.32895370334441;46.8289537033444;6.77124;63.1058;-1.0;True;00:10:00;2021-02-22 10:22:00;25;15;25;Q09Y6;encs_north;4;4.0;./img/258083000-257584600-Q09Y6_-1.0.png;False
324;27;258083000;259428000;ORFJORD;HAVDRON;LDAA;LIRW;35.0;61.0;;;;;0.0;0.0;4.002618923611111;4.547206597222222;False;True;5;11;5329.484865350497;5349.2;0.0;5533.6;0.0;-0.1386198066835451;-12.189106082813623;False;True;5;10;5329.484865350497;5349.2;0.0;5397.3;0.0;-0.1610598516334516;13.258185430230414;93.459221117599;269.70922111759904;1588.7235694103629;142.95698959989204;38.456989599892026;6.76573;63.085775;-1.0;True;00:05:00;2021-02-22 10:25:00;28;4;9;Q09Y6;encs_north;2;6.0;./img/258083000-259428000-Q09Y6_-1.0.png;False
329;27;259107000;259180000;HARTO;LUROYBAS;JWPS;JWVR;32.0;27.43;;;;;0.0;0.0;4.265807959401711;3.707771768162393;False;True;12;18;9971.937737972494;2769.6;34.0;1670.3;33.0;-0.3829583502085596;-35.89181056668975;False;False;9;9;11219.61331642049;;;;;0.0;0.0;21.171180061831755;255.92118006183176;1209.114791903566;17.722553482266143;149.09755348226616;6.7425;63.10728;-1.0;True;00:13:00;2021-02-22 10:46:00;49;3;16;Q09Y6;encs_north;5;5.0;./img/259107000-259180000-Q09Y6_-1.0.png;False
330;27;259107000;259617000;HARTO;-99;JWPS;-99;32.0;36.34;;;;;0.0;0.0;4.278328993055556;4.325553385416667;False;True;12;18;2294.440535293952;1218.8;38.0;1036.1;19.0;-0.3829583502085596;-35.89181056668975;False;True;5;15;3150.753484485893;750.8;39.0;248.4;27.0;-0.3395555003842692;-30.37553150734993;75.33260956213614;266.93221893713616;711.5011243842141;128.96861360386976;71.37486360386978;6.7425;63.10728;-1.0;True;00:12:00;2021-02-22 10:20:00;23;4;16;Q09Y6;encs_north;5;5.0;./img/259107000-259617000-Q09Y6_-1.0.png;False
332;27;259130000;257234000;SVANAUG ELISE;FONNES;LLRD;LMWF;64.0;57.5;;;;;0.0;0.0;3.91899658203125;4.649090711805556;False;True;8;12;3533.706157846178;2835.7;25.0;441.8;27.0;1.6731109242315712;-17.49762774779689;False;True;17;22;2084.814133202286;246.0;28.0;1821.6;0.0;-0.0229670509457431;-42.93307384257726;56.29318359552777;258.9181835955278;1575.7480287152532;127.45825019148812;46.91137519148813;6.771847;63.151667;-1.0;True;00:16:00;2021-02-22 10:23:00;26;6;22;Q09Y6;encs_north;5;5.0;./img/259130000-257234000-Q09Y6_-1.0.png;False
336;27;259180000;257445000;LUROYBAS;VESTBAS;JWVR;LHRX;27.43;34.07;;;;;0.0;0.0;3.6924339313271606;3.052281057098765;False;False;12;12;3045.852716399794;;;;;0.0;0.0;False;False;12;12;3045.852716399794;;;;;0.0;0.0;43.71615607349717;330.2161560734972;1132.5437077658405;140.01336445624514;42.76336445624513;6.924276;63.1428;-1.0;True;00:09:00;2021-02-22 10:19:00;22;8;17;Q09Y6;encs_north;5;6.0;;
352;27;259617000;257576600;-99;OLAGUTT;-99;LLRW;36.34;30.45;;;;;0.0;0.0;4.074560763888888;3.920227430555556;False;True;5;15;4130.457268874719;2140.0;13.0;1986.6;0.0;-0.3395555003842692;-30.37553150734993;False;True;5;12;4130.457268874719;2140.0;13.0;1844.2;0.0;-0.3347704712596682;9.429405170690726;15.309260912879996;259.55926091287995;1488.795691154432;-36.415996625165626;149.5840033748344;6.78675;63.09085;-1.0;True;00:05:00;2021-02-22 10:27:00;30;3;8;Q09Y6;encs_north;4;7.0;./img/259617000-257576600-Q09Y6_-1.0.png;True
356;27;259617000;259180000;-99;LUROYBAS;-99;JWVR;36.34;27.43;;;;;0.0;0.0;3.9983318865740745;3.709626736111111;True;False;12;12;7886.754404696523;;;;;0.0;0.0;True;False;12;12;7886.754404696523;;;;;0.0;0.0;30.30869311569015;254.0586931156901;2841.9724558834137;-64.78405112467749;156.09094887532245;6.78802;63.10784;-1.0;True;00:18:00;2021-02-22 10:46:00;49;3;21;Q09Y6;encs_north;4;7.0;;
357;27;259617000;259428000;-99;HAVDRON;-99;LIRW;36.34;61.0;;;;;0.0;0.0;4.074560763888888;4.588201388888889;False;True;5;15;4353.975246829041;2456.0;21.0;2482.3;16.0;-0.3395555003842692;-30.37553150734993;False;True;5;10;4353.975246829041;2456.0;21.0;2353.1;15.0;-0.1610598516334516;13.258185430230414;100.21952823883196;282.969528238832;415.6529802611784;112.67003423028638;39.79503423028636;6.78675;63.09085;-1.0;True;00:05:00;2021-02-22 10:20:00;23;3;8;Q09Y6;encs_north;4;7.0;./img/259617000-259428000-Q09Y6_-1.0.png;False
359;27;259620000;259180000;ATLOEY VIKING;LUROYBAS;LJSY;JWVR;34.0;27.43;;;;;0.0;0.0;3.2309522569444447;3.755444444444445;False;True;9;14;5457.993316228961;1803.2;29.0;211.1;21.0;1.101559866538352;-24.025718612239064;False;False;10;10;5212.390201241653;;;;;0.0;0.0;21.430625165045285;311.13375016504534;404.36666529277545;80.3809556047309;43.47470560473088;6.84099;63.1212;-1.0;True;00:05:00;2021-02-22 10:18:00;21;8;13;Q09Y6;encs_north;2;3.0;./img/259620000-259180000-Q09Y6_-1.0.png;False
366;10;257594600;257145820;SJOHAV;;LMMF;;37.0;19.71;;;;;0.0;0.0;4.761625434027778;4.295158962673611;False;True;13;18;5512.03617640523;5661.7;0.0;3958.8;0.0;0.0171011896877013;-4.950846452734517;False;False;10;10;6632.821566271778;;;;;0.0;0.0;69.66513092438386;305.2666934243839;2096.0557650024475;-21.7666676849469;214.2567698150531;8.584344;63.406664;-1.0;True;00:16:00;2019-02-25 12:24:00;28;2;18;39UOZ;encs_north;3;3.0;./img/257594600-257145820-39UOZ_-1.0.png;False
370;10;257684700;257145820;TYRHAUG;;LGJU;;41.0;19.71;;;;;0.0;0.0;15.66873759920635;4.2952666170634926;False;False;10;10;8276.473024785375;;;;;0.0;0.0;False;True;6;15;12242.808506629515;8773.6;14.0;4132.3;0.0;-0.064396692672676;0.7555192859445832;81.01168524725178;323.10543524725176;3376.114152394732;-19.95263138743366;261.92236861256634;8.51655;63.38675;-1.0;True;00:14:00;2019-02-25 12:13:00;17;3;17;39UOZ;encs_north;3;4.0;;
381;31;258527000;258901000;STRIL MAR;AQUA JUNIOR;JWRE;LEHA;93.0;69.0;;;;;0.0;0.0;5.022866753472222;6.135151909722223;False;False;5;5;4766.064046988877;;;;;0.0;0.0;False;True;5;14;4766.064046988877;1326.8;12.0;1544.6;0.0;0.048995389241301;47.86055875126792;37.03580843765791;330.3483084376579;335.5114454083499;126.13340416109776;128.0709041610978;7.56625;63.1159;-1.0;True;00:08:00;2020-03-01 07:29:00;13;1;9;P6OPU;encs_north;1;1.0;;
387;15;259134000;257104940;;ELISABETH STAR;;LNAM;37.65;23.3;;;;;0.0;0.0;4.714652235243056;4.025628255208334;False;True;8;15;2058.7607923214355;2111.3;0.0;1870.8;0.0;-0.0072290843226796;41.92999310074634;False;False;6;6;2545.695459005261;;;;;0.0;0.0;43.07011692774212;313.3201169277421;1679.3040105948685;-15.86053920039759;207.3894607996024;9.548706;63.726519;-1.0;True;00:08:00;2021-03-01 12:13:00;12;2;10;9DUMY;encs_north;1;1.0;./img/259134000-257104940-9DUMY_-1.0.png;False
390;14;235092091;259134000;;;;;;37.65;;;;;0.0;0.0;4.3731796875;5.071296875;True;True;2;5;5717.18623975116;3270.3;55.0;3559.8;55.0;0.6313915670903212;-1.477681287935794;True;False;3;3;5191.820051773752;;;;;0.0;0.0;18.014305602592724;339.0143056025927;373.40788690117296;113.35967178077352;99.10967178077352;9.490068;63.6348;-1.0;True;00:05:00;2021-03-01 12:38:00;13;1;6;RDE8M;encs_north;2;3.0;./img/235092091-259134000-RDE8M_-1.0.png;False
417;45;259134000;257371000;;SCANBIO DART;;LFPI;37.65;66.5;;;;;0.0;0.0;4.552632378472222;1.3053902180989585;False;True;6;11;1777.9179874223553;705.5;11.0;35.5;12.0;0.0752679158919193;-89.70054935823137;False;True;5;10;1790.220648411808;531.1;10.0;405.8;12.0;-0.2988903472576169;41.36571223447233;101.11169641403622;289.3304464140362;269.2630869614383;131.4697267980259;128.31982445427593;9.860113;63.904773;-1.0;True;00:08:00;2019-03-03 07:41:00;13;1;9;JWQKF;encs_north;1;1.0;./img/259134000-257371000-JWQKF_-1.0.png;False
440;11;257340400;257036260;NIDAROS;;LFFL;;36.0;;;;;;0.0;0.0;3.774937065972223;3.3697618272569443;False;True;19;24;2186.618233711593;2515.1;0.0;1706.6;0.0;-2.6219621480998887;-38.92828590858102;False;False;19;19;2186.618233711593;;;;;0.0;0.0;89.30256269830363;302.92756269830363;1473.4960094957846;96.40391111277548;28.46641111277544;9.509732;63.64936;-1.0;True;00:08:00;2020-03-03 09:53:00;24;15;23;F868L;encs_north;2;2.0;./img/257340400-257036260-F868L_-1.0.png;False
460;64;257076000;259371000;ISLAND CRUSADER;MS NORDNORGE;LCMH;3YGW;96.0;123.3;;;;;0.0;0.0;5.281763599537038;6.122424768518518;False;True;6;12;2005.389590578348;647.6;8.0;1887.9;0.0;-0.280960861476776;-47.71796983284665;False;True;5;9;2597.458906315945;590.0;8.0;1202.3;0.0;-1.500407798931758;44.79353644024308;67.89739879340213;323.89739879340215;978.937551634421;-104.58576622862184;289.9142337713781;7.739164;63.096964;-1.0;True;00:06:00;2019-03-04 15:24:00;9;1;7;TLB1K;encs_north;2;2.0;./img/257076000-259371000-TLB1K_-1.0.png;False
466;60;257340400;257445000;NIDAROS;VESTBAS;LFFL;LHRX;36.0;34.07;;;;;0.0;0.0;4.559163411458334;4.095962456597222;False;True;7;14;1221.5325824553297;383.3;9.0;2454.3;0.0;-0.189205544625695;-6.165623368575804;False;True;3;9;2739.8730627530954;305.9;10.0;432.4;0.0;0.477246250342016;12.691736991091556;32.14553375655071;319.5713150065507;443.6115981351254;-79.5095348817521;207.4904651182479;9.474567;63.65303;-1.0;True;00:08:00;2021-03-04 07:41:00;10;1;9;HQ6N0;encs_north;1;1.0;./img/257340400-257445000-HQ6N0_-1.0.png;False
502;17;255806165;314018000;NCL SVELGEN;314018000;CQAG3;;135.0;0.0;;0.0;;0.0;0.0;0.0;8.721440972222222;6.092058256172839;True;False;5;5;4966.873956524365;;;;;0.0;0.0;True;True;8;15;3113.7618952000803;36.7;12.0;3044.3;0.0;-0.2047221565255923;66.13344874710252;63.79097542074969;303.8847254207497;359.77561062417817;97.27025774105118;86.70775774105117;7.595089;63.121629;-1.0;True;00:09:00;2020-03-07 12:14:00;12;1;10;SSME9;encs_north;3;4.0;;
503;17;255806165;314018000;NCL SVELGEN;314018000;CQAG3;;135.0;0.0;;0.0;;0.0;0.0;0.0;2.456547580295139;5.600109592013888;False;True;29;35;8596.898855982894;8670.8;0.0;9232.7;0.0;-2.745028131609885;18.71708654610121;False;False;31;31;8775.69650569116;;;;;0.0;0.0;100.50315503342844;253.0031550334284;359.77561062417817;97.27025774105118;86.70775774105117;7.676696;63.062122;-1.0;True;00:08:00;2020-03-07 12:14:00;12;27;35;SSME9;encs_north;1;1.0;./img/255806165-314018000-SSME9_-1.0.png;False
509;17;257549000;314018000;EDOEYFJORD;314018000;3YWT;;67.0;0.0;;0.0;;0.0;0.0;0.0;6.593105709876543;6.015248842592593;False;True;2;6;12248.351553576504;7507.6;23.0;5873.9;28.0;0.076119424042675;8.039458058068728;False;True;8;15;10255.876302881192;5889.9;29.0;299.3;23.0;-0.2047221565255923;66.13344874710252;93.61948769070229;344.1194876907023;386.7177911604264;74.73370387535378;48.046203875353775;7.44259;63.0779;-1.0;True;00:18:00;2020-03-07 12:26:00;24;1;19;SSME9;encs_north;2;2.0;./img/257549000-314018000-SSME9_-1.0.png;False
511;17;257632800;314018000;257632800;314018000;;;0.0;0.0;0.0;0.0;0.0;0.0;0.0;0.0;7.617735042735044;6.085222355769232;False;True;4;9;6757.72982073122;5980.3;7.0;4027.0;10.0;0.0430680631468933;-5.127124956328451;False;True;8;15;4980.530984744498;4479.8;10.0;339.1;0.0;-0.2047221565255923;66.13344874710252;76.97610442037097;314.069854420371;846.3140079190439;-56.807785778072216;268.9422142219277;7.551066;63.108239;-1.0;True;00:13:00;2020-03-07 12:17:00;15;1;14;SSME9;encs_north;2;2.0;./img/257632800-314018000-SSME9_-1.0.png;False
519;17;982594600;257087380;;ERESFJORD;;LFRU;;107.42;;;;;0.0;0.0;2.8599895833333333;3.673454861111111;False;False;12;12;902.4167551636012;;;;;0.0;0.0;False;True;14;19;307.9454010047885;223.6;0.0;1165.8;0.0;-1.986142234444142;60.90879461779274;19.291545325129505;308.5415453251295;71.82485642171528;-33.09220333383998;331.50154666616;7.736412;63.11226;-1.0;True;00:05:00;2020-03-07 12:17:00;15;10;15;SSME9;encs_north;1;1.0;;
520;7;215349000;257064430;CSL TRIMNES;HAGLAND CARRIER;9HA2707;LAHA8;150.0;90.0;;;;;0.0;0.0;7.472506510416667;5.080138888888889;False;True;7;14;5013.336766067087;1903.5;13.0;1356.3;0.0;-0.036774846352356;-45.943901638958266;False;True;5;11;6182.629897543601;1678.0;14.0;1416.7;13.0;0.1568294689721043;26.178429014093734;32.29712743167362;319.04712743167363;1208.6703189869445;-92.05213768875396;280.89708106124607;6.844859;62.908143;-1.0;True;00:08:00;2020-03-07 12:57:00;14;1;9;UJYLH;encs_north;1;1.0;./img/215349000-257064430-UJYLH_-1.0.png;False
525;4;258524000;259896000;HELLSKJER;DORIS;LGWN;LAGP5;24.0;140.2;;;;;0.0;0.0;4.589005208333334;7.643519097222222;False;False;33;33;969.3014804486788;;;;;0.0;0.0;False;False;33;33;969.3014804486788;;;;;0.0;0.0;74.1938047049665;249.3188047049665;951.0018401664628;74.1938047049665;249.3188047049665;6.782435;62.93775;-1.0;True;00:05:00;2020-03-08 19:38:00;31;31;36;DB8VJ;encs_north;1;1.0;;
530;60;257527800;257306400;MULTI PIONER;FROYAFERGA;LFFI;LDAO;24.6;36.76;;;;;0.0;0.0;4.211009114583335;4.729329117063492;False;False;8;8;2314.669775583546;;;;;0.0;0.0;False;True;11;16;1662.0213145444393;91.7;17.0;780.0;0.0;0.2094802610806558;50.66376744991018;92.73716424234485;288.1121642423448;529.7652687747573;-85.1202221039357;210.0047778960643;8.656622;63.838422;-1.0;True;00:14:00;2021-03-10 15:03:00;16;1;15;TW2L2;encs_north;1;1.0;;
534;5;258727000;257134720;258727000;BUAGUTT;;LK2717;0.0;10.01;0.0;;0.0;;0.0;0.0;5.166147569444444;3.611962673611111;False;False;5;5;3395.343159387576;;;;;0.0;0.0;False;True;5;10;3395.343159387576;3170.0;7.0;242.1;11.0;-0.0439038695525697;6.592998003225853;51.07862411451191;265.70362411451185;662.4462921626174;108.73360645156596;53.85860645156596;9.82895;63.8654;-1.0;True;00:05:00;2020-03-14 06:57:00;12;3;8;F9S3B;encs_north;1;1.0;;
536;7;257156040;205545190;257156040;;;;0.0;;0.0;;0.0;;0.0;0.0;4.465217013888889;3.621608506944445;False;False;9;9;676.8680890690596;;;;;0.0;0.0;False;True;8;13;595.5162634219133;377.4;9.0;119.0;14.0;0.1464860361016997;22.35142604239493;103.42734675111;271.02109675110995;340.07393313807387;156.2162822999612;312.1537822999612;7.676158;63.145845;-1.0;True;00:05:00;2020-03-14 10:02:00;3;7;12;2X4WZ;encs_north;2;2.0;;
541;2;257121400;258434000;HALTBAKK BUNKERSERV.;VARGOEY;LLOB;LMEU;35.21;55.56;;;;;0.0;0.0;4.019499131944445;5.254031828703703;True;False;8;8;5613.46552496762;;;;;0.0;0.0;True;False;8;8;5613.46552496762;;;;;0.0;0.0;21.492981655473304;327.1804816554733;330.1999999999993;122.78638505195951;71.6301350519595;8.215558;63.608993;-1.0;True;00:15:00;2020-03-14 13:35:00;19;1;16;3GWV7;encs_north;1;1.0;;
553;27;257487700;257060450;;257060450;;;;0.0;;0.0;;0.0;0.0;0.0;4.04164882330247;3.3436656057098766;False;True;2;5;3198.1412804940305;3264.7;0.0;2035.7;0.0;-0.0346554572015906;1.7255916107151772;False;False;5;5;1978.0202728991435;;;;;0.0;0.0;34.20331732550313;338.3283173255031;209.26466495803865;-171.8929987606459;127.8570012393541;6.852536;62.904436;-1.0;True;00:09:00;2020-03-15 07:02:00;11;1;10;EXKTO;encs_north;1;1.0;./img/257487700-257060450-EXKTO_-1.0.png;False
568;18;249528000;258729000;249528000;EIDSVAAG PIONER;;LFTA;0.0;75.0;0.0;;0.0;;0.0;0.0;5.810196078431373;7.041458333333333;False;True;24;30;4259.810610813582;1322.2;29.0;1112.5;0.0;-0.2270718220977228;-26.89552207391772;False;False;17;17;9083.148919290048;;;;;0.0;0.0;16.468339492010145;325.4683394920101;686.923824015443;-91.61357324641044;251.55830175358955;7.677432;63.128789;-1.0;True;00:17:00;2019-03-16 19:39:00;30;9;26;8AJL5;encs_north;1;1.0;./img/249528000-258729000-8AJL5_-1.0.png;False
579;15;249528000;258729000;249528000;EIDSVAAG PIONER;;LFTA;0.0;75.0;0.0;;0.0;;0.0;0.0;5.881278935185184;7.264741512345678;False;True;8;14;4257.228442308447;1322.2;13.0;1112.5;0.0;-0.2270718220977228;-26.8954046221264;False;False;5;5;6297.361610230113;;;;;0.0;0.0;16.68814632372187;321.68814632372187;686.5322279398098;-91.65150109707272;251.5203739029272;7.677432;63.128789;-1.0;True;00:09:00;2019-03-16 19:39:00;14;1;10;XM07B;encs_north;1;1.0;./img/249528000-258729000-XM07B_-1.0.png;False
580;15;257052230;257347000;LOS133;HAVTRANS;LFQM;LFAL;18.0;85.0;;;;;0.0;0.0;5.807595486111111;6.734801215277777;True;False;6;6;6514.030624736115;;;;;0.0;0.0;True;True;10;16;3552.745930966637;1263.7;12.0;3201.2;0.0;-0.2798984895457321;39.56882826720393;29.542817135528004;324.355317135528;3091.168686759105;-50.22144043242804;221.1535595675719;7.77154;63.122367;-1.0;True;00:10:00;2019-03-16 19:40:00;15;1;11;XM07B;encs_north;1;1.0;;
592;24;257000260;257075000;FROYSPRINT;GAASOE JARL;LG9918;LDZR;14.82;85.0;;;;;0.0;0.0;14.662240823412702;2.3256398421999007;False;True;33;40;6838.8138920429765;5586.3;37.0;3161.6;0.0;-0.1896654771996173;-78.3942015423255;False;True;34;41;6102.072068568187;4896.0;37.0;2626.0;0.0;1.9295190281857648;-127.7824139229452;108.2027297013695;291.8902297013695;212.07369002307007;166.8383992740272;344.8383992740272;9.20617;63.576975;-1.0;True;00:14:00;2021-03-25 10:40:00;45;25;39;O2ZVX;encs_north;2;2.0;./img/257000260-257075000-O2ZVX_-1.0.png;False
594;24;257000260;258002790;FROYSPRINT;;LG9918;;14.82;;;;;;0.0;0.0;14.775094521604936;7.230579185956789;False;False;25;25;7276.857091492177;;;;;0.0;0.0;False;True;23;28;8722.530209176693;2374.5;47.0;541.1;33.0;-4.691259120419744;51.80175741792006;91.85007057037473;339.85007057037467;1048.295955348488;-155.21301141139034;246.9119885886097;9.09511;63.6041;-1.0;True;00:09:00;2021-03-25 10:28:00;33;21;30;O2ZVX;encs_north;2;2.0;;
608;11;258598000;257137000;RANA EXPRESS;SOEROEYSUND;LAVQ;LMKJ;87.92;60.6;;;;;0.0;0.0;5.777915998931624;4.606503739316239;False;False;17;17;4981.8449855450135;;;;;0.0;0.0;False;True;22;28;2473.001067529087;1054.6;25.0;2096.5;0.0;-0.8570468550043127;26.26103236851569;19.454381657244763;320.7043816572448;1096.490994035063;-72.70861358153407;251.29138641846592;7.58545;63.1205;-1.0;True;00:13:00;2019-04-01 09:24:00;26;11;24;29W2S;encs_north;1;1.0;;
614;10;257046610;257304900;VESTRAATT;TRONDHEIMSFJORD 1;LETU;LAPA;66.4;24.5;;;;;0.0;0.0;4.352682291666666;16.13104861111111;False;False;24;24;2294.867882907423;;;;;0.0;0.0;False;False;24;24;2294.867882907423;;;;;0.0;0.0;42.500781792563096;257.45000054256303;177.19664218037553;173.3288456427925;95.32884564279249;9.688401;63.658673;-1.0;True;00:05:00;2019-04-01 13:54:00;39;22;27;KA6W7;encs_north;1;1.0;;
617;10;258030500;257277400;;NIDAROS 2;;LEAF;;44.5;;;;;0.0;0.0;4.696602182539683;3.5719726562500003;False;False;20;20;3014.38641849382;;;;;0.0;0.0;False;True;18;21;3446.810450256875;680.3;42.0;1174.2;33.0;1.1596635165339215;4.056568186052405;111.76388701243572;322.1388870124357;1708.163797766479;152.91555388188095;37.04055388188095;9.456329;63.68368;-1.0;True;00:07:00;2019-04-01 13:44:00;29;17;24;KA6W7;encs_north;1;1.0;;
625;34;258729000;257788700;EIDSVAAG PIONER;HANS-R;LFTA;LF5809;75.0;10.65;;;;;0.0;0.0;6.323044704861111;3.871060474537037;False;True;9;15;2719.275809843501;1336.7;13.0;1603.7;0.0;0.0474319856186724;11.281127069860696;False;False;7;7;3509.005929034602;;;;;0.0;0.0;56.930305966460985;314.305305966461;1463.5854741011888;-23.85918780973793;235.89081219026204;8.428688;63.37124;-1.0;True;00:12:00;2019-04-01 14:42:00;14;1;13;C8H95;encs_north;1;1.0;./img/258729000-257788700-C8H95_-1.0.png;False
666;21;215062000;257079600;215062000;257079600;;;0.0;0.0;0.0;0.0;0.0;0.0;0.0;0.0;6.892751736111112;4.103944830246913;False;True;7;13;3253.0530659674137;471.5;11.0;;0.0;-0.1650375139265123;-36.25767145296428;False;False;5;5;4415.309767162436;;;;;0.0;0.0;52.84092005714825;328.46592005714825;211.61668176209696;44.6155051271637;40.05300512716369;7.83776;62.963114;-1.0;True;00:09:00;2019-04-02 13:10:00;12;1;10;BLGTH;encs_north;3;3.0;./img/215062000-257079600-BLGTH_-1.0.png;False
667;21;215062000;257238000;215062000;FREIFJORD;;LIFI;0.0;60.0;0.0;;0.0;;0.0;0.0;6.899282769097223;4.437585720486111;False;True;7;13;2445.2378718644136;111.8;10.0;1990.2;0.0;-0.1650375139265123;-36.25767145296428;False;True;2;6;5442.133832422726;523.1;12.0;120.3;10.0;0.0988316742160462;21.15099370553934;71.34570153319623;331.9707015331963;117.77134626045076;-139.42913344587797;208.758366554122;7.83776;62.963114;-1.0;True;00:08:00;2019-04-02 13:09:00;11;1;9;BLGTH;encs_north;3;3.0;./img/215062000-257238000-BLGTH_-1.0.png;False
738;40;258445000;259371000;258445000;MS NORDNORGE;;3YGW;0.0;123.3;0.0;;0.0;;0.0;0.0;5.0640625;7.300507417929293;True;False;6;6;5584.148526857072;;;;;0.0;0.0;True;True;7;12;5009.3872279950565;4016.7;10.0;713.7;14.0;-0.0975563957281466;35.32717207954638;47.07888425526815;321.2663842552681;888.307294802875;-97.23220046944682;239.1740495305532;7.56492;63.1133;-1.0;True;00:11:00;2019-04-06 15:35:00;15;1;12;8V2BX;encs_north;1;1.0;;
740;39;257059320;257342920;BRATTHOLM;257342920;LH 2820;;15.0;0.0;;0.0;;0.0;0.0;0.0;4.495762152777778;2.778;False;False;3;3;6089.906214384592;;;;;0.0;0.0;False;True;2;5;6493.7087561731605;2382.6;20.0;1969.0;19.0;-0.0814388455525125;7.910074388706911;33.7933141508715;347.4808141508715;155.46742424056916;-113.24280244961597;232.94469755038403;9.403218;63.582564;-1.0;True;00:05:00;2019-04-06 16:49:00;17;1;6;XKI07;encs_north;1;2.0;;
748;49;257906000;258021920;GAASOE VIKING;258021920;LGUY;;78.0;0.0;;0.0;;0.0;0.0;0.0;4.918571180555555;3.169058159722222;False;False;3;3;4153.097789602359;;;;;0.0;0.0;False;False;3;3;4153.097789602359;;;;;0.0;0.0;29.396477854388657;337.39647785438865;1482.8833163806255;116.25341410690864;50.87841410690866;7.670741;63.131027;-1.0;True;00:05:00;2019-04-06 17:27:00;11;1;6;B5CG3;encs_north;1;1.0;;
752;9;257060320;257877700;;;;;;;;;;;0.0;0.0;6.679069733796297;3.549532696759259;True;True;28;26;13038.07730380519;13011.2;0.0;13399.8;0.0;0.0;0.0;True;True;28;34;13038.07730380519;13011.2;0.0;8295.5;35.0;-0.124767363849497;34.17460123239173;72.2668605114814;273.8918605114813;523.4813654754108;11.170411972130552;2.045411972130556;8.81668;63.686;-1.0;True;00:06:00;2019-04-07 06:49:00;43;24;30;BIZOQ;encs_north;1;1.0;./img/257060320-257877700-BIZOQ_-1.0.png;False
753;9;257502700;257629000;;BIOSTAR;;LDBB;;69.6;;;;;0.0;0.0;1.3615612883391204;5.5214357638888885;True;False;33;33;4193.998438244822;;;;;0.0;0.0;True;False;33;33;4193.998438244822;;;;;0.0;0.0;63.52779366366504;273.777793663665;1129.887273138342;103.16974180588171;332.91974180588176;8.799345;63.650745;-1.0;True;00:15:00;2019-04-07 06:54:00;48;26;41;BIZOQ;encs_north;1;2.0;;
754;9;257502700;257629000;;BIOSTAR;;LDBB;;69.6;;;;;0.0;0.0;2.0137112475198413;5.519942956349206;False;True;46;51;1308.9012376799103;1122.0;48.0;1612.7;0.0;-0.5043994825765965;15.53814038172395;False;False;45;45;1473.064323103373;;;;;0.0;0.0;53.11073637848414;269.61073637848415;1129.887273138342;103.16974180588171;332.91974180588176;8.772833;63.658073;-1.0;True;00:07:00;2019-04-07 06:54:00;48;42;49;BIZOQ;encs_north;1;1.0;./img/257502700-257629000-BIZOQ_-1.0.png;False
759;9;257878600;257743700;;;;;;;;;;;0.0;0.0;3.724095486111112;3.487571614583333;False;False;22;22;366.9844274625274;;;;;0.0;0.0;False;True;21;24;481.9296421678176;486.9;0.0;115.0;25.0;0.9243738740243372;3.68980254126273;105.92257697902646;257.9225769790265;82.76599543290683;7.110705677579954;208.61070567758;8.85029;63.725548;-1.0;True;00:05:00;2019-04-07 06:31:00;25;20;25;BIZOQ;encs_north;1;1.0;;
761;5;257878600;257743700;;;;;;;;;;;0.0;0.0;3.724095486111112;3.487571614583333;False;False;10;10;366.7898171978058;;;;;0.0;0.0;False;False;10;10;366.7898171978058;;;;;0.0;0.0;105.92151013726227;257.9215101372623;82.76599543290818;7.110705677579115;208.61070567757915;8.85029;63.725548;-1.0;True;00:05:00;2019-04-07 06:31:00;13;8;13;3AOEU;encs_north;1;1.0;;
764;8;257046610;229061000;VESTRAATT;SEA CARGO EXPRESS;LETU;9HA3034;66.4;119.0;;;;;0.0;0.0;4.367552951388889;6.121085069444445;False;True;5;12;5267.431611326339;310.2;14.0;737.9;13.0;0.2172619060626632;-9.293175905366116;False;False;6;6;4736.621100531474;;;;;0.0;0.0;33.54682287766571;321.7968228776657;753.3522748356168;138.7237136793742;66.4737136793742;9.67912;63.67535;-1.0;True;00:10:00;2019-04-07 08:49:00;15;1;11;HLRXT;encs_north;1;1.0;./img/257046610-229061000-HLRXT_-1.0.png;True
766;12;236700000;219730000;CONESTE;VESTLAND;ZDQF5;OXQJ2;135.0;69.63;;;;;0.0;0.0;7.788563850308642;3.3464287350501545;True;False;29;29;7772.761846345224;;;;;0.0;0.0;True;False;29;29;7772.761846345224;;;;;0.0;0.0;111.09223850692008;281.27973850692007;235.45795803072832;83.05481377096272;80.30481377096271;7.608238;63.124258;-1.0;True;00:18:00;2019-04-07 12:02:00;42;20;38;RUU3I;encs_north;2;2.0;;
768;12;257257400;259393000;DALSFJORD;PIONEER KNUTSEN;JWZD;LMIK;56.08;69.0;;;;;0.0;0.0;5.676304976851852;6.12823013117284;False;False;5;5;11345.985732848423;;;;;0.0;0.0;False;True;2;8;13257.063663194802;1518.9;22.0;3807.6;22.0;0.0;-18.09344182007748;28.65303476500954;341.7155347650095;4872.585270675104;139.68206150448452;26.68206150448447;8.09044;63.135936;-1.0;True;00:09:00;2019-04-07 11:40:00;20;1;10;RUU3I;encs_north;1;1.0;;
770;12;257700800;259393000;FROY SERVER;PIONEER KNUTSEN;LMVQ;LMIK;25.0;69.0;;;;;0.0;0.0;5.0826964962121215;6.159814551767678;False;False;6;6;7771.523539178146;;;;;0.0;0.0;False;True;2;8;10114.28288164811;1003.2;17.0;2470.4;18.0;0.0;-18.09344182007748;25.859942123516607;338.67244212351653;2794.9795222863418;123.52429358130551;32.149293581305564;8.024015;63.132336;-1.0;True;00:11:00;2019-04-07 11:38:00;18;1;12;RUU3I;encs_north;1;1.0;;
792;33;257333000;257516500;TERNINGEN;;LGJQ;;41.0;29.77;;;;;0.0;0.0;15.39984085648148;4.382155671296296;False;True;4;9;9231.097835577304;1804.6;12.0;2130.6;12.0;2.0627897264207444;-12.81939977963308;False;False;4;4;9231.097835577304;;;;;0.0;0.0;102.18865957896084;336.3136595789608;339.7591205545469;140.105005443016;326.105005443016;7.942104;63.195273;-1.0;True;00:06:00;2019-04-07 17:42:00;14;1;7;VVF0Q;encs_north;3;4.0;./img/257333000-257516500-VVF0Q_-1.0.png;False
803;14;257878600;257518800;;FRU INGER;;LG7567;;15.0;;;;;0.0;0.0;3.744994791666668;4.495762152777777;False;False;21;21;2009.4593327559533;;;;;0.0;0.0;False;True;22;27;1612.12694909551;1057.2;30.0;1031.9;0.0;0.4341221065888438;19.555944955285945;21.50238132360714;266.18988132360715;206.36533139071705;41.59055657556005;23.52805657556005;8.91426;63.71904;-1.0;True;00:05:00;2021-04-07 06:21:00;25;19;24;M19FH;encs_north;1;1.0;;
804;17;257087430;257549000;GRIP;EDOEYFJORD;LFML;3YWT;96.6;67.0;;;;;0.0;0.0;5.371810515873016;2.807052331349207;False;False;4;4;673.8264613385269;;;;;0.0;0.0;False;True;2;8;1095.987490804527;176.0;6.0;459.7;0.0;-0.9790418014452014;-16.598412418771936;97.93382671904936;322.68382671904936;92.56003457216208;-45.33058138160179;28.231918618398204;7.888202;63.12334;-1.0;True;00:07:00;2021-04-07 07:33:00;20;1;8;W4GEA;encs_north;1;1.0;;
878;51;257305440;257381400;;STORDAL;;LICB;;75.0;;;;;0.0;0.0;8.724656249999999;3.971470920138889;False;False;4;4;2654.523582490838;;;;;0.0;0.0;False;True;3;6;2875.4631366094754;428.3;7.0;1295.2;7.0;2.523861224637647;17.24175316931887;79.88434929248452;285.44684929248444;2097.745659034957;-9.880165245071645;237.30733475492835;7.885423;63.137675;-1.0;True;00:05:00;2019-04-10 05:36:00;7;2;7;UFDRS;encs_north;1;1.0;;
894;85;257156040;257037570;257156040;;;;0.0;;0.0;;0.0;;0.0;0.0;3.248578869047619;4.175267857142858;False;True;3;8;1158.672037290978;208.4;20.0;192.5;15.0;0.340388842558623;64.49639309362846;False;False;5;5;560.8241881374223;;;;;0.0;0.0;47.77084446575082;327.5208444657508;228.63973845330293;142.75593318521172;331.6309331852117;10.18342;64.18294;-1.0;True;00:07:00;2019-04-11 13:43:00;12;2;9;UM0ND;encs_north;3;3.0;./img/257156040-257037570-UM0ND_-1.0.png;False
924;11;257011900;257293800;HELGOEY TIND;;3YHT;;25.0;19.2;;;;;0.0;0.0;9.714445064484128;9.928318452380951;True;False;20;20;3620.011350810934;;;;;0.0;0.0;True;False;20;20;3620.011350810934;;;;;0.0;0.0;49.70766454317713;252.89516454317712;1683.8019628210418;-5.68399972922791;193.3003752707721;8.917707;63.926;-1.0;True;00:07:00;2019-04-12 19:27:00;39;17;24;83IXY;encs_north;1;1.0;;
929;6;257011900;257293800;HELGOEY TIND;;3YHT;;25.0;19.2;;;;;0.0;0.0;9.714445064484128;9.928318452380951;True;False;13;13;3619.937299180746;;;;;0.0;0.0;True;False;13;13;3619.937299180746;;;;;0.0;0.0;49.71013008450685;252.89763008450683;1683.0310306111412;-5.628639435323175;193.3557355646768;8.917707;63.926;-1.0;True;00:07:00;2019-04-12 19:27:00;32;10;17;KH80F;encs_north;1;1.0;;
935;16;257056340;257563500;;SORBOEN;;JWQY;12.65;29.9;;;;;0.0;0.0;3.890486111111112;4.372777777777778;False;True;2;5;7648.648638811956;7338.7;16.0;5563.5;30.0;0.0110250850094641;5.057546885366892;False;False;5;5;6253.396613841152;;;;;0.0;0.0;15.543905779683156;343.04390577968314;1246.8878899083104;-87.22142604061911;67.77857395938088;7.637286;63.19414;-1.0;True;00:08:00;2019-04-13 07:58:00;21;1;9;7E5OG;encs_north;1;1.0;./img/257056340-257563500-7E5OG_-1.0.png;False
940;16;257860800;257684700;FOSNA FIGHTER;TYRHAUG;LG9011;LGJU;15.0;41.0;;;;;0.0;0.0;5.412116319444445;3.878428819444444;False;True;2;9;3736.928408465969;3435.5;4.0;1350.0;0.0;-1.4975499249433897;-31.03805225134364;False;True;2;7;3736.928408465969;3435.5;4.0;1832.2;0.0;-4.113040068362251;-84.46162095349077;19.897450938172312;333.4287009381724;234.67929180053216;92.23945235156631;141.4894523515663;7.69364;63.091225;-1.0;True;00:05:00;2019-04-13 07:53:00;16;1;6;7E5OG;encs_north;2;2.0;./img/257860800-257684700-7E5OG_-1.0.png;False
942;6;259393000;209078000;PIONEER KNUTSEN;FRIGG W;LMIK;5BTV4;69.0;138.0;;;;;0.0;0.0;6.659461410984849;6.278925978535354;True;False;15;15;6910.274918554253;;;;;0.0;0.0;True;False;15;15;6910.274918554253;;;;;0.0;0.0;35.23103182188884;286.13728182188885;573.1610942832745;139.24206269922036;120.8670626992204;7.588885;63.12095;-1.0;True;00:22:00;2019-04-13 12:28:00;27;4;26;46N5K;encs_north;1;1.0;;
954;9;258375000;257306400;RO CHIEF;FROYAFERGA;LLVU;LDAO;53.3;36.76;;;;;0.0;0.0;5.359868055555556;4.598249131944444;False;False;40;40;6158.948518213154;;;;;0.0;0.0;False;True;40;49;6158.948518213154;1555.6;52.0;1344.0;0.0;0.641071636708634;40.900538104513736;101.08713603323298;327.399636033233;1254.5200078117537;118.15910321720332;46.40910321720332;8.552463;63.786957;-1.0;True;00:05:00;2019-04-14 12:20:00;50;38;43;EEFWS;encs_north;1;1.0;;
963;67;257306400;257346600;FROYAFERGA;;LDAO;;36.76;;;;;;0.0;0.0;5.067411747685185;7.691212384259259;False;True;7;13;5640.595438426682;4772.9;11.0;909.1;14.0;0.3447391113169633;-78.59518252860308;False;False;7;7;5640.595438426682;;;;;0.0;0.0;13.171701826240149;293.2967018262402;363.94654827322097;175.95498621353985;144.32998621353985;8.65527;63.8036;-1.0;True;00:06:00;2019-04-14 14:56:00;16;4;10;5W2UO;encs_north;1;1.0;./img/257306400-257346600-5W2UO_-1.0.png;False
974;5;259458000;258021920;RANA FRAKT;258021920;LIXX;;58.05;0.0;;0.0;;0.0;0.0;0.0;4.526173321759259;4.689616608796296;False;False;6;6;4279.962094458315;;;;;0.0;0.0;False;True;4;10;4825.343433373421;3246.4;13.0;2826.0;14.0;0.3512090228846358;6.841933703982947;25.55258183731078;274.5525818373108;2585.521572139751;-45.11843761532619;213.75656238467383;7.67003;63.149409;-1.0;True;00:06:00;2019-04-14 19:29:00;16;3;9;OCBDE;encs_north;1;1.0;;
977;17;257333000;257052230;TERNINGEN;LOS133;LGJQ;LFQM;41.0;18.0;;;;;0.0;0.0;4.371973958333333;2.7163068576388887;False;False;7;7;1799.7925130414312;;;;;0.0;0.0;False;True;6;15;2052.140565360962;138.0;11.0;1555.5;0.0;2.345495432777469;5.788039942061522;16.654638344110985;334.842138344111;77.82608817100028;-124.58451285985971;193.7904871401403;7.77072;63.1215;-1.0;True;00:05:00;2021-04-14 05:41:00;13;5;10;RHA26;encs_north;1;2.0;;
1001;6;250000818;257075000;ARKLOW FAITH;GAASOE JARL;EIXM;LDZR;90.0;85.0;;;;;0.0;0.0;5.671470410628019;5.216089221014493;True;False;12;12;6992.196427446816;;;;;0.0;0.0;True;True;22;29;2089.9973229647926;620.1;24.0;2493.1;0.0;-0.5376339765768678;74.52789055195885;42.6475523635883;305.64755236358826;471.5304550079469;68.98835266725855;49.30085266725857;9.66756;63.6509;-1.0;True;00:23:00;2019-04-21 18:55:00;25;1;24;4OHO7;encs_north;1;1.0;;
1004;4;257075000;257586000;GAASOE JARL;WITH HARVEST;LDZR;LGDH;85.0;70.0;;;;;0.0;0.0;5.181764632936508;4.989996279761905;False;False;21;21;1469.4928683052526;;;;;0.0;0.0;False;False;21;21;1469.4928683052526;;;;;0.0;0.0;97.06456712554936;252.56456712554936;561.5673156443497;30.443423534792903;196.9434235347929;9.60318;63.82058;-1.0;True;00:07:00;2019-04-21 20:44:00;14;18;25;7MMOR;encs_north;1;1.0;;
1010;7;257036140;258090000;TRELLEVIK;KYSTBUNKER;LK5994;LAJC;15.0;42.0;;;;;0.0;0.0;2.479782986111111;4.713597222222222;False;True;23;35;1992.239192466606;1547.6;27.0;2778.8;0.0;1.0367284717791776;6.459331665127588;False;True;23;28;1992.239192466606;1547.6;27.0;1684.6;0.0;-0.0015221730736625;-9.52689459032899;80.83308762333837;325.0830876233383;1669.4130136068784;123.68152940600788;354.9315294060078;7.489392;63.069978;-1.0;True;00:05:00;2019-04-23 01:23:00;27;22;27;LJT7R;encs_north;1;1.0;./img/257036140-258090000-LJT7R_-1.0.png;True
1041;9;212792000;257052230;FREYJA W;LOS133;5BVM4;LFQM;138.0;18.0;;;;;0.0;0.0;4.372777777777778;11.277012648809526;False;True;23;29;8149.270301689595;106.1;31.0;665.4;31.0;-0.3252540041740852;-13.060163856386136;False;True;23;31;8149.270301689595;106.1;31.0;585.4;0.0;-0.0491099146391027;-39.05673199633879;74.54508368473448;320.45133368473444;51.805887696285424;158.59850977022364;337.97350977022364;7.690423;63.235689;-1.0;True;00:14:00;2019-04-27 04:21:00;33;14;28;STKMP;encs_north;2;3.0;./img/212792000-257052230-STKMP_-1.0.png;False
1137;15;257087420;257549000;TUSTNA;EDOEYFJORD;LFMK;3YWT;96.0;67.0;;;;;0.0;0.0;5.841981095679012;5.556625192901234;False;False;24;24;1709.0341892425697;;;;;0.0;0.0;False;True;28;35;511.1207782902184;379.4;0.0;181.8;0.0;-2.932657467159255;-43.04225847419894;4.642011021218355;311.9545110212184;178.037327546781;-107.17205835156076;126.07794164843924;7.9001;63.1347;-1.0;True;00:09:00;2021-05-02 10:26:00;37;20;29;9EESJ;encs_north;1;1.0;;
1140;15;257333000;258771000;TERNINGEN;FROY PIONER;LGJQ;LEEV;41.0;27.27;;;;;0.0;0.0;9.500252700617285;4.086528742283951;False;True;23;21;4673.30757815062;1705.3;26.0;153.0;33.0;0.0;0.0;False;False;21;21;6321.955195190802;;;;;0.0;0.0;34.262499252649995;348.07499925265;1606.1607640581935;-44.62623171441961;242.8112682855804;7.795393;63.131533;-1.0;True;00:09:00;2021-05-02 10:16:00;27;17;26;9EESJ;encs_north;1;1.0;./img/257333000-258771000-9EESJ_-1.0.png;False
1144;15;257549000;257087430;EDOEYFJORD;GRIP;3YWT;LFML;67.0;96.6;;;;;0.0;0.0;6.180797371031745;5.211046626984127;False;True;17;23;3991.966569248797;527.5;44.0;2207.9;24.0;-0.2455980822763965;-58.2403220530168;False;True;20;27;3269.2828632591586;1056.3;32.0;3193.2;0.0;-0.0071058319555876;5.699415846661109;103.5632412952332;292.56324129523324;2233.8155026769764;129.29798204907817;72.7511070490782;7.82123;63.139033;-1.0;True;00:07:00;2021-05-02 10:14:00;25;14;21;9EESJ;encs_north;4;4.0;./img/257549000-257087430-9EESJ_-1.0.png;False
1145;15;257549000;258771000;EDOEYFJORD;FROY PIONER;3YWT;LEEV;67.0;27.27;;;;;0.0;0.0;5.23951155181624;4.075828325320513;False;True;17;23;4653.129339487568;1335.3;24.0;946.1;24.0;-0.2455980822763965;-58.2403220530168;False;True;8;11;9087.597441018168;2388.8;28.0;1408.9;25.0;-0.0545454730652279;-7.9926498662346175;4.650322320763944;324.0565723207639;1039.8323182128934;64.44807074610415;88.19807074610416;7.82123;63.139033;-1.0;True;00:13:00;2021-05-02 10:13:00;24;7;20;9EESJ;encs_north;4;4.0;./img/257549000-258771000-9EESJ_-1.0.png;False
1158;44;257456500;257589600;PAUL SENIOR;LIAHOLM;LLVA;LMDJ;35.17;33.19;;;;;0.0;0.0;4.717080439814816;4.20966941550926;False;False;4;4;2589.1412669068486;;;;;0.0;0.0;False;True;6;13;1776.3867174689187;632.4;9.0;1046.7;0.0;-0.0655265955410944;-320.806815400481;26.797479383830453;320.0474793838305;980.7175179428584;-52.84791469237863;224.6520853076213;7.13737;63.121258;-1.0;True;00:06:00;2021-05-07 07:27:00;15;1;7;5WJ1R;encs_north;1;1.0;;
1161;44;257549000;258598000;EDOEYFJORD;RANA EXPRESS;3YWT;LAVQ;67.0;87.92;;;;;0.0;0.0;5.247031901041667;5.510584201388889;True;False;9;9;4636.841555412479;;;;;0.0;0.0;True;False;9;9;4636.841555412479;;;;;0.0;0.0;29.931538197153063;334.6073194471531;493.89975703577903;145.2173307939828;87.2427214189828;8.13442;63.247767;-1.0;True;00:10:00;2021-05-07 07:29:00;17;4;14;5WJ1R;encs_north;2;2.0;;
1172;23;257234800;257304900;;TRONDHEIMSFJORD 1;;LAPA;19.95;24.5;;;;;0.0;0.0;4.229697916666668;16.031375;False;True;10;16;433.76644637408685;650.9;0.0;499.1;0.0;-4.091517406599079;134.96959395359846;False;True;9;18;1125.278601058419;434.5;0.0;;0.0;-10.523325798862311;188.697770590208;10.33828297565962;266.40078297565964;139.14830218152142;123.81469973738189;11.564699737381908;10.387634;63.440124;-1.0;True;00:05:00;2019-06-01 09:40:00;11;6;11;532W8;encs_north;1;1.0;./img/257234800-257304900-532W8_-1.0.png;False
1179;15;257052230;257053650;LOS133;MULTI INNOVATOR;LFQM;LFIY;18.0;19.0;;;;;0.0;0.0;11.6039375;3.476921006944445;False;False;7;7;6666.53950412056;;;;;0.0;0.0;False;True;6;12;7502.660414812867;1006.7;14.0;501.1;14.0;2.097130746924698;21.11411040759804;31.061412344427342;340.6082873444273;352.6748644289806;119.3713878393976;111.4221690893976;7.761335;63.184;-1.0;True;00:05:00;2019-06-02 08:55:00;15;5;10;ETW2P;encs_north;1;1.0;;
1183;15;257549000;259995000;EDOEYFJORD;MELOYFJORD;3YWT;3YUG;67.0;34.07;;;;;0.0;0.0;5.582191116898148;4.046728515625;True;False;12;12;4004.5668529817294;;;;;0.0;0.0;True;True;17;21;1358.329124328858;544.6;18.0;1505.8;0.0;-0.0074308935119589;-3.945728652817486;23.970917179450787;348.3224796794508;506.5372641770812;-32.61102042859488;277.7171045714052;8.133631;63.251911;-1.0;True;00:12:00;2019-06-02 08:59:00;19;6;18;ETW2P;encs_north;1;1.0;;
1189;15;259998000;257313240;PIRHOLM;TUSTNATIND;LCVJ;-99;75.0;13.0;;;;;0.0;0.0;4.881997395833333;4.388050347222222;False;False;6;6;9387.6952469709;;;;;0.0;0.0;False;False;6;6;9387.6952469709;;;;;0.0;0.0;28.095829997680468;344.1583299976805;1031.8390620634598;115.27216581664652;74.89716581664653;8.057331;63.251864;-1.0;True;00:10:00;2019-06-02 09:04:00;24;1;11;ETW2P;encs_north;3;3.0;;
1193;9;258198000;258500000;POLARTUG;RICHARD WITH;JXBO;LGWH;25.51;122.0;;;;;0.0;0.0;1.723618551587302;7.672743675595238;False;False;30;30;5481.519137064104;;;;;0.0;0.0;False;True;36;42;2242.8986981136704;612.3;39.0;1453.4;0.0;-0.1144360217211324;24.580874441822143;4.564859507199466;345.06485950719946;290.4781231005177;47.55552725922731;49.05552725922732;9.536167;63.743467;-1.0;True;00:14:00;2019-06-02 12:42:00;40;23;37;TQCFI;encs_north;1;1.0;;
1198;68;257030640;257305440;;;;;;;;;;;0.0;0.0;1.4661331741898147;10.109369212962964;False;True;14;19;2119.7495370915885;1997.4;0.0;1089.9;0.0;6.278786362525834;-22.36657703694064;False;False;14;14;2119.7495370915885;;;;;0.0;0.0;29.11445599186809;344.6769559918681;192.253998658024;21.30618870600613;5.274938706006118;7.77592;63.1214;-1.0;True;00:06:00;2019-06-02 14:40:00;17;11;17;G4ZBC;encs_north;1;1.0;./img/257030640-257305440-G4ZBC_-1.0.png;False
1206;68;257684700;257305440;TYRHAUG;;LGJU;;41.0;;;;;;0.0;0.0;11.236592013888888;10.123302083333334;True;False;3;3;7284.833989186027;;;;;0.0;0.0;True;True;2;10;8319.731919959919;8302.9;0.0;4882.3;0.0;0.0040938100586336;4.9626620907785535;14.277744270367236;322.27774427036724;3048.969086429051;-49.88956736808088;260.5166826319191;7.78561;63.128;-1.0;True;00:05:00;2019-06-02 14:31:00;8;1;6;G4ZBC;encs_north;2;2.0;;
1231;84;257306400;257346600;FROYAFERGA;;LDAO;;36.76;;;;;;0.0;0.0;5.063488343253968;7.503080357142856;False;True;9;16;1978.0201667323856;1181.2;10.0;2542.5;0.0;-0.7898023142545227;-83.47490940467998;False;True;10;15;1607.1488916712087;1021.5;11.0;1901.8;0.0;-0.0824647262592783;14.16245209813754;28.80553987667317;335.18053987667315;181.3864658677718;64.36094374591005;14.610943745910069;8.659421;63.803691;-1.0;True;00:07:00;2019-06-06 15:09:00;13;6;13;EDHAG;encs_north;1;1.0;./img/257306400-257346600-EDHAG_-1.0.png;False
1236;42;257002470;257203020;;HELLEFISK;;LM2572;;11.0;;;;;0.0;0.0;1.835052806712963;4.0817281539351855;False;True;18;23;2655.8339048216058;2603.7;0.0;727.4;24.0;0.9937262366776578;-19.25858557252205;False;True;17;23;2725.7515257264413;2661.1;0.0;727.4;24.0;-0.9940530097864664;97.26694892890497;95.24105423816104;307.61605423816104;400.22446202100656;0.0;0.0;8.674259;63.789835;-1.0;True;00:06:00;2019-06-07 11:12:00;27;15;21;3DB5H;encs_north;1;1.0;./img/257002470-257203020-3DB5H_-1.0.png;False
1264;70;257010630;257236400;;DYROEY;;LJDO;;43.1;;;;;0.0;0.0;3.6730529513888888;4.095861979166667;False;True;16;24;1321.532084362686;772.0;20.0;1555.7;0.0;0.1544752630192329;-3.792530679784383;False;False;14;14;1784.7300103937348;;;;;0.0;0.0;33.81538246043649;280.06538246043647;668.8884286635528;-65.40498827564319;188.7825117243568;9.48381;63.653662;-1.0;True;00:05:00;2019-06-27 13:40:00;21;12;17;9UUTA;encs_north;2;3.0;./img/257010630-257236400-9UUTA_-1.0.png;False
1266;70;257030780;257549000;;EDOEYFJORD;;3YWT;;67.0;;;;;0.0;0.0;2.224821506076389;5.267026909722222;False;True;28;34;5131.104108279229;5098.2;0.0;4342.0;37.0;0.2377406132139508;7.334309352372118;False;True;29;35;4993.819912652035;4552.7;35.0;4338.2;37.0;0.8332219751733141;6.872016408111945;108.86161106548175;334.1428610654817;323.54270197301616;46.9188608849409;93.35636088494088;8.034001;63.241279;-1.0;True;00:08:00;2019-06-27 14:21:00;62;27;35;9UUTA;encs_north;1;1.0;./img/257030780-257549000-9UUTA_-1.0.png;False
1267;70;257052230;257067400;LOS133;GRIP TANK;LFQM;LAQB;18.0;0.0;;;;;0.0;0.0;11.812930555555557;2.798095486111112;False;False;18;18;4581.120772256501;;;;;0.0;0.0;False;False;18;18;4581.120772256501;;;;;0.0;0.0;0.8502859916114744;328.50653599161143;231.9443252162042;0.0;0.0;7.803607;63.1473;-1.0;True;00:05:00;2019-06-27 13:44:00;25;16;21;9UUTA;encs_north;2;2.0;;
1268;70;257052230;257857680;LOS133;;LFQM;;18.0;;;;;;0.0;0.0;9.186012073863637;2.862053937815656;True;False;19;19;8121.191910674195;;;;;0.0;0.0;True;True;12;20;11717.969959425567;629.4;30.0;6656.1;26.0;-0.1789273843680434;-29.0987399048354;13.710464284206296;334.89796428420624;105.11565059495145;73.12468590157131;68.24968590157133;7.80206;63.1408;-1.0;True;00:22:00;2019-06-27 14:25:00;66;8;30;9UUTA;encs_north;2;2.0;;
1269;70;257054630;257212340;HELENE;SJOSVANEN;LF6310;LK9894;11.0;11.0;;;;;0.0;0.0;2.2549368248456787;3.25256606867284;False;False;19;19;4248.960611726115;;;;;0.0;0.0;False;True;19;25;4248.960611726115;1149.6;32.0;131.0;33.0;0.6711029578762997;9.597834614025938;43.189476257461145;318.5644762574611;1601.1045312533522;115.8920452540511;39.26704525405108;9.066545;63.6065;-1.0;True;00:18:00;2019-06-27 13:53:00;34;10;28;9UUTA;encs_north;1;1.0;;
1272;70;257067400;257684700;GRIP TANK;TYRHAUG;LAQB;LGJU;0.0;41.0;;;;;0.0;0.0;3.045269965277778;5.133994791666667;False;True;12;18;1095.7094733550496;162.3;14.0;823.8;0.0;-0.531786623844356;-44.83487863208976;False;True;13;18;732.9175669882659;194.1;14.0;823.8;0.0;-4.0824733140041385;-81.77360373978358;20.94260858745583;335.3918273374558;289.5562294270318;117.1923814488233;41.34277207382328;7.744975;63.107218;-1.0;True;00:05:00;2019-06-27 13:34:00;15;10;15;9UUTA;encs_north;1;1.0;./img/257067400-257684700-9UUTA_-1.0.png;False
1273;70;257200000;257010630;KONG HARALD;;LGIY;;122.0;;;;;;0.0;0.0;7.2886328125;3.7725925925925927;False;False;4;4;7384.401722550053;;;;;0.0;0.0;False;True;3;7;7723.491009252222;3235.5;15.0;4839.4;14.0;-0.068387031033557;27.87637036050638;79.22949672891052;311.72949672891053;456.647358472602;-39.19602357841316;312.4289764215868;9.608443;63.640214;-1.0;True;00:06:00;2019-06-27 13:40:00;21;1;7;9UUTA;encs_north;1;3.0;;
1274;70;257200000;257010630;KONG HARALD;;LGIY;;122.0;;;;;;0.0;0.0;7.282604166666666;3.675464409722222;False;True;13;21;4260.323060520185;3101.6;17.0;537.2;0.0;-0.1262174627723222;-85.23224066659976;False;False;12;12;4574.362015625788;;;;;0.0;0.0;62.6985184086133;301.1985184086133;456.647358472602;-39.19602357841316;312.4289764215868;9.53282;63.6289;-1.0;True;00:09:00;2019-06-27 13:40:00;21;8;17;9UUTA;encs_north;1;2.0;./img/257200000-257010630-9UUTA_-1.0.png;False
1289;70;257877700;257988120;;;;;;;;;;;0.0;0.0;4.115555555555556;14.237651909722224;False;False;37;37;5757.631559070093;;;;;0.0;0.0;False;False;37;37;5757.631559070093;;;;;0.0;0.0;9.70142575909525;316.85767575909523;593.0107081663915;-37.08803914285587;298.1619608571441;8.848597;63.719311;-1.0;True;00:08:00;2019-06-27 14:01:00;42;33;41;9UUTA;encs_north;1;1.0;;
1298;70;258521910;311000758;;FRI RIVER;;C6DR5;;91.25;;;;;0.0;0.0;3.6465771484375;5.775442708333333;False;True;9;19;13615.759366631004;7286.7;38.0;4700.5;37.0;-0.1485193631708268;12.929715458543589;False;False;11;11;12491.523800161449;;;;;0.0;0.0;2.5975668695649228;340.47256686956496;1647.8458817498674;-71.09212188589422;224.5953781141058;9.071682;63.495856;-1.0;True;00:08:00;2019-06-27 13:51:00;32;7;15;9UUTA;encs_north;2;2.0;./img/258521910-311000758-9UUTA_-1.0.png;False
1314;8;257057960;211208720;LAGATUN;FS HEINCKE;LESQ;DBCK;108.0;55.0;;;;;0.0;0.0;5.850197916666667;3.834084780092593;False;True;3;6;5887.135768775848;5735.6;5.0;2496.7;18.0;1.899793244167448;-9.422638283192914;False;False;9;9;4179.271521449642;;;;;0.0;0.0;51.31669721049169;270.31669721049167;1043.053143420795;-136.86669998870448;292.0083000112955;10.144633;63.507033;-1.0;True;00:15:00;2021-07-01 04:34:00;35;2;17;XDXRP;encs_north;2;4.0;./img/257057960-211208720-XDXRP_-1.0.png;False
1315;8;257057960;229061000;LAGATUN;SEA CARGO EXPRESS;LESQ;9HA3034;108.0;119.0;;;;;0.0;0.0;4.769878937251984;7.820014880952381;False;False;34;34;2207.4582057198727;;;;;0.0;0.0;False;True;33;38;2636.501701118359;2583.6;0.0;473.1;0.0;0.0113878460281955;3.6183509148883535;35.33252414311279;346.83252414311283;444.2419385875221;-49.69983967014894;186.55016032985105;10.200456;63.456644;-1.0;True;00:07:00;2021-07-01 04:38:00;39;31;38;XDXRP;encs_north;2;2.0;;
1334;13;257171000;257087430;FROY VALKYRIEN;GRIP;LEKX;LFML;25.0;96.6;;;;;0.0;0.0;4.637464037698413;4.6007180059523805;False;False;6;6;2405.360349303197;;;;;0.0;0.0;False;False;6;6;2405.360349303197;;;;;0.0;0.0;74.68724429785337;276.49974429785334;1168.1090574085954;-44.59398580589357;208.03101419410643;7.89487;63.13704;-1.0;True;00:07:00;2021-07-01 05:40:00;12;3;10;J6X0L;encs_north;1;1.0;;
1338;13;257684700;257508800;TYRHAUG;BORE CAT;LGJU;LG7614;41.0;15.0;;;;;0.0;0.0;10.053548418209877;6.487716049382716;False;False;5;5;5464.960289883175;;;;;0.0;0.0;False;True;2;10;8516.067520869006;1039.9;9.0;970.6;14.0;-1.6248266490728356;5.330127356711569;40.042149236158174;333.4796492361582;144.8444683099768;0.0;0.0;7.78417;63.1276;-1.0;True;00:09:00;2021-07-01 06:01:00;33;1;10;J6X0L;encs_north;1;1.0;;
1367;8;257333000;259506000;TERNINGEN;SVEASUND;LGJQ;LJEC;41.0;62.0;;;;;0.0;0.0;1.041783492476852;4.253042173032408;False;True;31;37;1134.208534617863;929.1;33.0;915.0;0.0;3.4211739517291964;107.78166272901628;False;False;29;29;1543.8339450860656;;;;;0.0;0.0;44.14913063642869;347.02413063642865;526.8639008320825;2.1505734431471044;222.8380734431471;7.735535;63.114;-1.0;True;00:12:00;2021-07-01 10:03:00;35;23;35;BNGLQ;encs_north;2;1.0;./img/257333000-259506000-BNGLQ_-1.0.png;False
1375;14;257000110;257161040;;SPRINT;;LK7828;;10.55;;;;;0.0;0.0;3.67814380787037;3.72134910300926;False;False;5;5;2791.028430525207;;;;;0.0;0.0;False;True;5;11;2791.028430525207;2384.5;70.0;504.9;0.0;-0.2788471268421781;55.12067973413573;66.07842400606177;339.20342400606177;78.75531728080294;-52.86254212767794;296.1374578723221;6.96062;62.860034;-1.0;True;00:06:00;2021-07-02 05:22:00;12;2;8;9HKVG;encs_north;1;1.0;;
1376;14;257027040;257716890;MALIN;;LG5523;;10.25;;;;;;0.0;0.0;3.998140500992064;2.6093988715277776;False;False;52;52;1818.5000247456696;;;;;0.0;0.0;False;True;50;53;2309.4393194020054;1166.7;55.0;371.6;56.0;1.6207300866978656;-21.27634527151849;14.146172041490834;323.14617204149084;643.7330191935171;158.70498425243645;42.45498425243645;6.91536;62.8878;-1.0;True;00:07:00;2021-07-02 06:09:00;59;49;56;9HKVG;encs_north;1;1.0;;
1380;14;257000260;257030310;FROYSPRINT;;LG9918;;14.82;;;;;;0.0;0.0;16.441322916666667;9.290143229166668;False;True;2;9;8178.060846557697;1022.3;15.0;2776.3;0.0;-0.6738575852939448;-57.39923062476994;False;True;3;8;6920.732340583617;1404.8;28.0;1141.6;0.0;3.2349636165137827;-25.627969718736875;24.984077051081982;311.42157705108195;921.8033195861232;63.863608084744136;12.61360808474412;8.75852;63.84405;-1.0;True;00:05:00;2021-07-06 14:31:00;7;1;6;NX0M2;encs_north;1;1.0;./img/257000260-257030310-NX0M2_-1.0.png;False
1383;14;257123410;257030310;;;;;;;;;;;0.0;0.0;4.127166280864199;10.511948784722223;False;True;9;15;2750.374681747925;3186.0;0.0;4847.2;0.0;-0.1005933704911776;-40.44111959677363;False;True;3;8;6505.950031317484;6960.5;0.0;3611.0;0.0;3.2349636165137827;-25.627969718736875;19.84565125993836;295.4081512599384;2549.321919648439;103.11799263864825;11.617992638648245;8.804584;63.83256;-1.0;True;00:09:00;2021-07-06 14:34:00;10;1;10;NX0M2;encs_north;1;1.0;./img/257123410-257030310-NX0M2_-1.0.png;False
1421;36;257009020;257073110;257009020;;;;0.0;;0.0;;0.0;;0.0;0.0;4.199286747685186;10.927422960069444;True;False;51;51;8195.41410851215;;;;;0.0;0.0;True;False;51;51;8195.41410851215;;;;;0.0;0.0;29.556882207316622;275.8068822073166;360.5;34.1875;4.749999999999984;9.563076;63.636541;-1.0;True;00:24:00;2019-07-21 12:36:00;63;39;63;54CW5;encs_north;3;3.0;;
1423;36;257009020;257882000;257009020;DANTIC;;LCMZ;0.0;63.17;0.0;;0.0;;0.0;0.0;3.841547691993465;4.125957924836602;False;True;43;49;5927.968037194533;6008.6;0.0;4000.7;67.0;-0.1832858496114933;6.913265424605118;False;False;27;27;10125.277206081815;;;;;0.0;0.0;90.74618231925412;348.62118231925416;279.61053270576105;129.4170630060832;127.91706300608324;9.602773;63.640794;-1.0;True;00:34:00;2019-07-21 12:32:00;59;10;44;54CW5;encs_north;4;4.0;./img/257009020-257882000-54CW5_-1.0.png;False
1424;36;257010420;211456820;;211456820;;;14.02;0.0;;0.0;;0.0;0.0;0.0;4.253335232204861;3.1478323025173616;False;True;37;42;1900.0844244401355;1969.2;0.0;1794.3;0.0;-0.1407993760699972;-3.4552124029840643;False;False;33;33;2198.7893236961104;;;;;0.0;0.0;96.91724913276416;295.2922491327642;1231.7748698524415;88.37211442569314;211.2471144256932;9.609894;63.637228;-1.0;True;00:16:00;2019-07-21 12:20:00;47;25;41;54CW5;encs_north;4;4.0;./img/257010420-211456820-54CW5_-1.0.png;False
1425;36;257010420;257044620;;AUSTRAATT;;LETR;14.02;66.4;;;;;0.0;0.0;3.498121744791667;5.041957465277778;False;False;11;11;2473.108303330043;;;;;0.0;0.0;False;True;10;15;2852.1967340981214;2864.6;0.0;1478.5;0.0;0.2367553092280103;-4.64980792782847;56.1402525686098;335.2652525686098;611.4070984213384;180.0;93.78403420110824;9.730349;63.648619;-1.0;True;00:08:00;2019-07-21 11:55:00;22;7;15;54CW5;encs_north;2;5.0;;
1427;36;257010420;257073110;;;;;14.02;;;;;;0.0;0.0;4.111099599939613;10.867813632246378;True;False;50;50;9007.495076879031;;;;;0.0;0.0;True;False;50;50;9007.495076879031;;;;;0.0;0.0;24.307857134477683;271.80785713447773;97.99249971298678;81.7078765995139;75.3328765995139;9.545683;63.631848;-1.0;True;00:23:00;2019-07-21 12:35:00;62;39;62;54CW5;encs_north;3;3.0;;
1428;36;257010420;257882000;;DANTIC;;LCMZ;14.02;63.17;;;;;0.0;0.0;3.9346494468669246;4.084430918927649;True;False;28;28;9163.005411981378;;;;;0.0;0.0;True;False;28;28;9163.005411981378;;;;;0.0;0.0;87.25171123379661;331.50171123379664;234.92884028998927;89.6771771240932;98.55217712409328;9.65591;63.641397;-1.0;True;00:43:00;2019-07-21 12:29:00;56;7;50;54CW5;encs_north;5;5.0;;
1431;36;257015020;257882000;;DANTIC;;LCMZ;21.52;63.17;;;;;0.0;0.0;3.9182848668981487;4.111089891975309;False;True;16;22;12467.721094490364;12511.0;0.0;11279.3;0.0;0.1782276731442817;14.355053128176154;False;False;29;29;9835.060965749017;;;;;0.0;0.0;89.68770923032207;338.06270923032207;211.6579315782888;130.19869890808724;133.44869890808724;9.730883;63.650793;-1.0;True;00:36:00;2019-07-21 12:32:00;59;11;47;54CW5;encs_north;3;3.0;./img/257015020-257882000-54CW5_-1.0.png;False
1438;36;257044620;257576980;AUSTRAATT;;LETR;;66.4;;;;;;0.0;0.0;4.663066208964646;9.981245265151513;False;False;34;34;4978.60102438426;;;;;0.0;0.0;False;False;34;34;4978.60102438426;;;;;0.0;0.0;25.634408133969806;324.18421282146977;252.20120935475472;-65.08792486240476;244.28707513759525;9.687462;63.65322;-1.0;True;00:11:00;2019-07-21 12:13:00;40;29;40;54CW5;encs_north;3;6.0;;
1440;36;257044620;258549110;AUSTRAATT;;LETR;;66.4;;;;;;0.0;0.0;3.724798828125;4.084608506944444;False;False;30;30;4669.807260476605;;;;;0.0;0.0;False;False;30;30;4669.807260476605;;;;;0.0;0.0;47.00479084528008;282.84854084528007;3961.7963526663;-28.46426013642311;223.0357398635769;9.68801;63.6428;-1.0;True;00:05:00;2019-07-21 12:14:00;41;28;33;54CW5;encs_north;2;6.0;;
1445;36;257046610;257561500;VESTRAATT;;LETU;;66.4;23.16;;;;;0.0;0.0;2.528191576760913;4.020532614087302;False;False;59;59;1642.6481820523811;;;;;0.0;0.0;False;False;59;59;1642.6481820523811;;;;;0.0;0.0;30.431959503011925;256.9319595030119;322.9906500194707;-27.771242564901705;256.9787574350983;9.688047;63.641133;-1.0;True;00:07:00;2019-07-21 12:36:00;63;56;63;54CW5;encs_north;2;2.0;;
1447;36;257046610;258520000;VESTRAATT;LJONESBUEN;LETU;LNTI;66.4;20.29;;;;;0.0;0.0;2.872398546006945;3.755511429398148;False;False;60;60;2329.90975361708;;;;;0.0;0.0;False;False;60;60;2329.90975361708;;;;;0.0;0.0;45.6646935582296;277.1646935582296;1027.5870376761266;-56.055679932599816;229.1193688955252;9.687978;63.64314;-1.0;True;00:06:00;2019-07-21 12:39:00;66;57;63;54CW5;encs_north;2;2.0;;
1465;36;257333000;257561500;TERNINGEN;;LGJQ;;41.0;23.16;;;;;0.0;0.0;17.85063762626263;4.446948390151515;False;False;45;45;9742.592983903209;;;;;0.0;0.0;False;True;48;53;6892.914873984735;6132.0;50.0;7445.3;0.0;-0.5216708284017826;44.39595969493244;72.764596854208;332.51459685420804;2734.3863534621432;-130.06735469387075;294.8076453061292;9.57297;63.638667;-1.0;True;00:11:00;2019-07-21 12:38:00;65;40;51;54CW5;encs_north;6;12.0;;
1467;36;257333000;257890510;TERNINGEN;;LGJQ;;41.0;;;;;;0.0;0.0;17.774055555555556;4.475666666666667;False;False;47;47;10808.579026403051;;;;;0.0;0.0;False;False;47;47;10808.579026403051;;;;;0.0;0.0;52.86656768970884;315.05406768970886;784.5902497482364;179.63095285037355;230.50595285037355;9.6072;63.6501;-1.0;True;00:10:00;2019-07-21 12:41:00;68;42;52;54CW5;encs_north;8;11.0;;
1470;36;257333000;258520000;TERNINGEN;LJONESBUEN;LGJQ;LNTI;41.0;20.29;;;;;0.0;0.0;17.820677083333337;4.394547887731481;False;False;46;46;9435.43048090547;;;;;0.0;0.0;False;False;46;46;9435.43048090547;;;;;0.0;0.0;70.8039040341087;328.3039040341087;1733.3487387135922;-137.31906565003794;285.805934349962;9.58996;63.6443;-1.0;True;00:12:00;2019-07-21 12:39:00;66;40;52;54CW5;encs_north;9;12.0;;
1471;36;257333000;258549110;TERNINGEN;;LGJQ;;41.0;;;;;;0.0;0.0;17.94392939814815;3.62656539351852;False;False;42;42;11248.803277237985;;;;;0.0;0.0;False;False;42;42;11248.803277237985;;;;;0.0;0.0;52.19272748625712;342.50522748625707;3383.8919501071555;-56.747257164918125;274.50274283508185;9.52348;63.6203;-1.0;True;00:06:00;2019-07-21 12:23:00;50;39;45;54CW5;encs_north;6;12.0;;
1473;36;257333000;258599210;TERNINGEN;;LGJQ;;41.0;;;;;;0.0;0.0;17.865690972222225;3.8068888888888894;False;False;45;45;9489.69162038472;;;;;0.0;0.0;False;True;46;51;8558.433826933526;7117.1;49.0;4942.0;0.0;-0.298614984513482;29.719111606338863;70.29016764409296;334.04016764409295;2315.6778813125115;-146.2315685423659;275.7684314576341;9.57297;63.638667;-1.0;True;00:10:00;2019-07-21 12:39:00;66;40;50;54CW5;encs_north;6;12.0;;
1475;36;257343720;257372020;;;;;15.61;9.13;;;;;0.0;0.0;3.614173177083333;2.5659423828125;True;False;29;29;5406.604008062733;;;;;0.0;0.0;True;False;29;29;5406.604008062733;;;;;0.0;0.0;61.40204636634537;343.44892136634536;104.39947317874764;180.0;118.45024358765848;9.503215;63.689397;-1.0;True;00:16:00;2019-07-21 12:23:00;50;21;37;54CW5;encs_north;1;2.0;;
1476;36;257400600;257044620;257400600;AUSTRAATT;;LETR;0.0;66.4;0.0;;0.0;;0.0;0.0;4.019958457341271;3.968571428571429;True;False;46;46;10465.930685801432;;;;;0.0;0.0;True;True;44;49;10446.643886435491;10450.8;0.0;8807.0;63.0;-2.29313500300601;39.99043262731583;101.6896701499615;287.6896701499615;2504.6688284082584;-40.95803791549635;217.79196208450367;9.482683;63.650993;-1.0;True;00:07:00;2019-07-21 11:42:00;9;43;50;54CW5;encs_north;1;1.0;;
1491;36;257769500;257372020;;;;;15.39;9.13;;;;;0.0;0.0;3.638756655092593;2.555208043981481;False;True;33;39;4340.045388011515;4363.6;0.0;2514.0;0.0;-0.1183592749260169;-9.099996507422084;False;False;28;28;5899.7121260278445;;;;;0.0;0.0;61.71241650121454;343.9624165012146;164.17770859650958;180.0;65.97400916738887;9.506639;63.69579;-1.0;True;00:15:00;2019-07-21 12:23:00;50;21;36;54CW5;encs_north;3;5.0;./img/257769500-257372020-54CW5_-1.0.png;True
1503;36;257882000;257333000;DANTIC;TERNINGEN;LCMZ;LGJQ;63.17;41.0;;;;;0.0;0.0;4.085010416666667;18.140597222222222;False;True;37;45;7686.08302388154;3250.0;42.0;5173.5;0.0;-0.0011536330461991;5.566654131905787;False;False;37;37;7686.08302388154;;;;;0.0;0.0;37.82610211440389;338.1386021144039;3462.316499108654;104.67568795535334;47.80068795535336;9.47855;63.657875;-1.0;True;00:05:00;2019-07-21 12:16:00;43;35;40;54CW5;encs_north;8;9.0;./img/257882000-257333000-54CW5_-1.0.png;False
1510;36;258133500;257882000;;DANTIC;;LCMZ;;63.17;;;;;0.0;0.0;4.008894898504274;4.07320045405983;False;True;25;29;10486.82193993967;5261.8;67.0;4621.5;69.0;0.2951433597110768;3.256982649681512;False;False;30;30;9502.263598217009;;;;;0.0;0.0;89.80729324775628;333.18229324775626;465.0987529546821;-47.9948952206756;286.5676047793244;9.691899;63.649514;-1.0;True;00:39:00;2019-07-21 12:31:00;58;11;50;54CW5;encs_north;5;5.0;./img/258133500-257882000-54CW5_-1.0.png;False
1538;26;257261500;257549000;ONA;EDOEYFJORD;LNQG;3YWT;37.0;67.0;;;;;0.0;0.0;5.441411072530864;5.624503279320988;False;False;6;6;3276.091405928724;;;;;0.0;0.0;False;False;6;6;3276.091405928724;;;;;0.0;0.0;90.26762496646198;319.05668746646194;1947.673774018635;136.305030118487;26.24253011848701;8.069903;63.248478;-1.0;True;00:09:00;2019-08-01 07:59:00;15;2;11;EOMT4;encs_north;1;1.0;;
1539;26;257549000;257082200;EDOEYFJORD;KV NJORD;3YWT;LBHO;67.0;47.2;;;;;0.0;0.0;5.752424242424243;5.182443181818181;True;False;7;7;4333.680187784973;;;;;0.0;0.0;True;True;12;17;1479.9726652881145;246.0;14.0;1966.0;0.0;0.0913409295443514;10.35062137840642;39.9219983934122;335.8204358934122;359.3719521609821;84.45470635644936;23.53283135644936;8.134834;63.248882;-1.0;True;00:11:00;2019-08-01 07:58:00;14;2;13;EOMT4;encs_north;3;3.0;;
1551;102;257549000;219016713;EDOEYFJORD;AMALIE;3YWT;OUWQ2;67.0;89.0;;;;;0.0;0.0;5.453914930555555;4.504833829365079;False;False;4;4;3552.915740627687;;;;;0.0;0.0;False;False;4;4;3552.915740627687;;;;;0.0;0.0;34.57520887740112;339.5517713774011;490.7755597011766;148.5225150431441;93.12261269939408;8.13631;63.255311;-1.0;True;00:07:00;2019-08-01 12:01:00;11;1;8;D9TLC;encs_north;1;1.0;;
1568;10;258150370;257042130;258150370;;;;0.0;;0.0;;0.0;;0.0;0.0;9.371730902777776;7.408000000000001;False;True;6;15;5525.7049550261;4824.2;13.0;2437.2;18.0;-0.1584330308511301;-1.3917642766069145;False;True;7;8;5075.085974641219;4372.1;25.0;4959.0;0.0;2.684964975380855;-13.258304748431412;40.160134366410375;338.9726343664104;1316.252506170452;48.92231536465984;235.64106536465985;8.175788;63.446125;-1.0;True;00:05:00;2020-08-01 14:07:00;19;4;9;W6LVQ;encs_north;1;2.0;./img/258150370-257042130-W6LVQ_-1.0.png;False
1582;19;235900006;257031080;;FALKSEA;;LADM8;;89.95;;;;;0.0;0.0;6.061803385416667;7.124519675925925;False;True;8;14;5435.642396258235;4174.3;14.0;1858.9;0.0;8.707621558874624;-33.09396132219705;False;False;9;9;4843.727475818592;;;;;0.0;0.0;23.269538430202218;335.06641343020226;955.7581964074355;120.3870293542218;97.4495293542218;8.991481;63.450638;-1.0;True;00:06:00;2019-08-03 17:00:00;14;6;12;44XWR;encs_north;1;1.0;./img/235900006-257031080-44XWR_-1.0.png;False
1590;62;257066870;257066080;;257066080;;;;0.0;;0.0;;0.0;0.0;0.0;3.512978050595239;2.932577349950397;False;False;5;5;4000.379678230553;;;;;0.0;0.0;False;False;5;5;4000.379678230553;;;;;0.0;0.0;83.79666401163209;346.9216640116321;2992.2323723267195;139.57131907835546;356.16506907835543;8.382264;63.849896;-1.0;True;00:07:00;2020-08-09 17:16:00;10;2;9;JP5IO;encs_north;1;1.0;;
1597;62;257622800;257767390;;ODDEN;;LG2656;;14.0;;;;;0.0;0.0;4.1557465277777785;4.246846064814815;False;True;4;8;3522.742184719164;3477.8;0.0;1551.3;0.0;0.1212183260809998;1.663158856130862;False;False;5;5;3028.7433994975463;;;;;0.0;0.0;12.281211806782688;339.7812118067827;281.54704757819945;-65.13913501748408;272.0171149825159;9.369045;63.5678;-1.0;True;00:09:00;2020-08-09 17:17:00;11;1;10;JP5IO;encs_north;1;1.0;./img/257622800-257767390-JP5IO_-1.0.png;False
1613;14;258145020;258027000;;RO FJELL;;LCTO;;87.65;;;;;0.0;0.0;4.688053626543211;4.6927425733024695;False;False;10;10;4741.025486115847;;;;;0.0;0.0;False;False;10;10;4741.025486115847;;;;;0.0;0.0;32.329609045177094;318.7046090451771;1115.6809938329145;-45.48316254751275;228.76683745248727;9.548943;63.765128;-1.0;True;00:18:00;2020-08-11 16:23:00;21;1;19;PDDQ9;encs_north;3;3.0;;
1651;67;257044620;257304900;AUSTRAATT;TRONDHEIMSFJORD 1;LETR;LAPA;66.4;24.5;;;;;0.0;0.0;4.347256510416668;14.022831163194445;False;False;6;6;3959.026188344811;;;;;0.0;0.0;False;False;6;6;3959.026188344811;;;;;0.0;0.0;62.78552582382831;250.7855258238283;178.9560001788229;0.0;0.0;9.68626;63.6649;-1.0;True;00:10:00;2020-10-01 05:23:00;17;1;11;V5419;encs_north;1;1.0;;
1653;67;258392000;257087420;TORNES;TUSTNA;LFCL;LFMK;61.45;96.0;;;;;0.0;0.0;3.5753888888888894;5.530277777777778;False;False;6;6;2133.220900422644;;;;;0.0;0.0;False;True;8;15;1648.1944060091923;1285.3;10.0;1890.8;0.0;-0.898556781835278;-51.01562557677815;67.73538565328991;294.1416356532899;1377.022458059418;112.10953854930524;342.3282885493052;7.874985;63.1481;-1.0;True;00:10:00;2020-10-01 05:16:00;10;1;11;V5419;encs_north;1;1.0;;
1666;17;257066870;259134000;;;;;;37.65;;;;;0.0;0.0;4.504068287037037;5.196692708333334;False;True;26;32;643.6416471919774;685.6;0.0;1031.7;0.0;0.0016476433523844;15.058768824996552;False;True;29;36;698.3783573393428;741.2;0.0;925.8;0.0;0.0799940784612625;25.562481930654;74.91193562234596;254.099435622346;628.7456719532945;99.2621039749416;283.4496039749416;7.312506;63.053958;-1.0;True;00:09:00;2020-10-01 08:08:00;27;21;30;XF9EB;encs_north;1;2.0;./img/257066870-259134000-XF9EB_-1.0.png;False
1667;17;257066870;259134000;;;;;;37.65;;;;;0.0;0.0;4.4710223765432096;5.264570794753086;False;False;35;35;930.4966953192268;;;;;0.0;0.0;False;True;35;43;930.4966953192268;980.2;0.0;766.0;0.0;0.0872775089947173;-7.412941072517939;110.40324045399716;272.9969904539971;628.7456719532945;99.2621039749416;283.4496039749416;7.356259;63.062155;-1.0;True;00:09:00;2020-10-01 08:08:00;27;31;40;XF9EB;encs_north;1;1.0;;
1704;15;257175640;257208500;;FROEYFART;;LDZQ;10.54;25.0;;;;;0.0;0.0;3.358529885912698;11.214429563492065;False;True;15;23;7228.757194705048;1494.6;23.0;1632.1;0.0;0.1171086592700059;0.0725604320784462;False;True;15;22;7228.757194705048;1494.6;23.0;1037.0;0.0;0.5915542100938564;0.3488396073325709;19.18793154933785;333.1410565493378;146.197127194758;-98.90408859943372;255.93966140056625;8.642156;63.883997;-1.0;True;00:07:00;2020-10-01 11:53:00;27;14;21;SSMCM;encs_north;3;3.0;./img/257175640-257208500-SSMCM_-1.0.png;False
1713;12;258448000;257124000;ISLAND CHALLENGER;POWER;LIXY;LEZT;93.0;23.3;;;;;0.0;0.0;5.006933903769841;2.344281994047619;True;False;11;11;6695.371083069257;;;;;0.0;0.0;True;False;11;11;6695.371083069257;;;;;0.0;0.0;70.46931805780082;321.0943180578008;1508.6965566342346;113.92613206493871;85.73863206493868;7.70432;63.22426;-1.0;True;00:21:00;2020-10-02 05:01:00;29;1;22;R7G2A;encs_north;3;4.0;;
1719;12;258729000;258448000;EIDSVAAG PIONER;ISLAND CHALLENGER;LFTA;LIXY;75.0;93.0;;;;;0.0;0.0;7.30292293595679;4.969725356867284;False;True;9;14;9675.6261285769;2527.4;22.0;3704.1;22.0;0.0;9.28253723357191;False;False;10;10;9039.15821578536;;;;;0.0;0.0;31.61370337542116;324.36370337542115;2313.6754158697377;5.4086160829834125;341.1586160829834;7.88194;63.21;-1.0;True;00:18:00;2020-10-02 05:08:00;36;1;19;R7G2A;encs_north;2;4.0;./img/258729000-258448000-R7G2A_-1.0.png;False
1720;12;258729000;258448000;EIDSVAAG PIONER;ISLAND CHALLENGER;LFTA;LIXY;75.0;93.0;;;;;0.0;0.0;7.176600477430556;5.259993489583334;False;False;24;24;3222.2628074072427;;;;;0.0;0.0;False;False;24;24;3222.2628074072427;;;;;0.0;0.0;16.543791283936656;271.0437912839367;2313.6754158697377;5.4086160829834125;341.1586160829834;7.78233;63.1733;-1.0;True;00:08:00;2020-10-02 05:08:00;36;20;28;R7G2A;encs_north;2;2.0;;
1722;52;257046610;257043820;VESTRAATT;;LETU;;66.4;;;;;;0.0;0.0;4.84502170138889;9.767076099537036;False;True;6;14;1982.2126450005387;1949.3;0.0;2197.6;0.0;-4.320296345364833;4.797940040343457;False;False;4;4;3045.2867484031785;;;;;0.0;0.0;11.540840008279403;309.5095900082794;376.60813852066696;-63.479147606785794;242.8333523932142;9.684113;63.64206;-1.0;True;00:06:00;2020-10-02 11:25:00;10;1;7;811T9;encs_north;1;1.0;./img/257046610-257043820-811T9_-1.0.png;False
1728;52;257304900;257043820;TRONDHEIMSFJORD 1;;LAPA;;24.5;;;;;;0.0;0.0;14.249039351851854;8.513117766203704;False;True;13;17;1551.301041061986;1739.0;0.0;2731.2;0.0;-0.6496135451468268;-9.670554477207869;False;True;13;18;1551.301041061986;1739.0;0.0;3248.0;0.0;-2.4321717038560697;-40.06236785409513;57.70433506078489;247.5793350607849;1156.5588355116251;-3.377967137341502;242.8720328626585;9.73357;63.656;-1.0;True;00:06:00;2020-10-02 11:29:00;14;8;14;811T9;encs_north;2;2.0;./img/257304900-257043820-811T9_-1.0.png;False
1760;56;257293000;257107090;VIKING PRINCESS;;LDDE;;93.0;;;;;;0.0;0.0;4.825328125;9.134604166666666;False;True;7;12;1970.42268815602;292.8;9.0;2585.3;0.0;0.2294167673329301;-45.82366047656805;False;True;6;12;2716.6109769343107;471.3;9.0;2585.3;0.0;-0.367832477719296;37.60091028770425;4.270322027551532;320.4578220275516;533.6604632160787;-42.54562556616828;302.14187443383173;7.736685;63.09645;-1.0;True;00:05:00;2020-10-07 14:26:00;9;3;8;IE3XY;encs_north;1;1.0;./img/257293000-257107090-IE3XY_-1.0.png;False
1784;72;257099240;257052230;;LOS133;;LFQM;10.65;18.0;;;;;0.0;0.0;1.9757881944444449;13.11994097222222;False;False;20;20;7835.74931515806;;;;;0.0;0.0;False;False;20;20;7835.74931515806;;;;;0.0;0.0;20.740051264767647;252.4900512647677;182.6127323052825;28.6516675947152;31.589167594715185;7.736648;63.1134;-1.0;True;00:05:00;2020-10-14 07:41:00;2;18;23;7QHUP;encs_north;1;1.0;;
1788;72;257526700;257163000;;VETLEFJORD;;LLVB;;26.0;;;;;0.0;0.0;5.288730034722223;11.101550347222224;True;False;11;11;7858.188017603045;;;;;0.0;0.0;True;False;11;11;7858.188017603045;;;;;0.0;0.0;34.17613513843832;310.42613513843827;1558.7161287418478;-78.43887919679031;207.18612080320963;8.790982;63.834335;-1.0;True;00:10:00;2020-10-14 08:00:00;21;6;16;7QHUP;encs_north;1;1.0;;
1789;72;257932260;257092310;;;;;;;;;;;0.0;0.0;7.530984375;3.632460069444445;False;False;20;20;2866.062199255281;;;;;0.0;0.0;False;False;20;20;2866.062199255281;;;;;0.0;0.0;56.78371091524501;319.971210915245;62.71275787269948;0.0;0.0;8.976046;63.952;-1.0;True;00:05:00;2020-10-14 07:40:00;1;18;23;7QHUP;encs_north;1;1.0;;
1802;12;209318000;257131000;SIGYN W;TROMS ARCTURUS;5BAP5;LKNL;137.95;95.0;;;;;0.0;0.0;5.427790798611112;6.799642650462963;False;False;5;5;9159.333953951018;;;;;0.0;0.0;False;False;5;5;9159.333953951018;;;;;0.0;0.0;15.96172397736058;348.58672397736063;422.9576101691519;66.96211162186529;69.21211162186528;7.684504;63.082709;-1.0;True;00:06:00;2019-11-02 17:22:00;19;2;8;726FS;encs_north;1;2.0;;
1804;12;257052230;257131000;LOS133;TROMS ARCTURUS;LFQM;LKNL;18.0;95.0;;;;;0.0;0.0;9.805793402777775;6.821211805555555;True;True;14;6;3739.806692865288;3061.8;18.0;3229.3;16.0;0.0;0.0;True;True;15;21;3140.493714370401;2557.7;17.0;999.6;0.0;-0.3617365269150587;36.29405710625751;57.86891362356059;250.74391362356056;314.1854547874561;72.80682900594755;32.056829005947534;7.72175;63.1058;-1.0;True;00:05:00;2019-11-02 17:22:00;19;12;17;726FS;encs_north;1;1.0;./img/257052230-257131000-726FS_-1.0.png;False
1806;12;257101440;257131000;;TROMS ARCTURUS;;LKNL;;95.0;;;;;0.0;0.0;4.350959821428572;6.845670882936507;False;False;8;8;7010.729309422809;;;;;0.0;0.0;False;False;8;8;7010.729309422809;;;;;0.0;0.0;56.95516354949319;300.20516354949325;1863.528851399946;88.68612861677208;256.37362861677207;7.78463;63.10323;-1.0;True;00:14:00;2019-11-02 17:39:00;36;1;15;726FS;encs_north;3;3.0;;
1815;12;309473000;257131000;309473000;TROMS ARCTURUS;;LKNL;0.0;95.0;0.0;;0.0;;0.0;0.0;4.609100694444444;6.801116319444445;False;False;5;5;13693.20583939349;;;;;0.0;0.0;False;False;5;5;13693.20583939349;;;;;0.0;0.0;19.658245663038027;338.65824566303803;602.7440086803014;-125.49441107600676;291.1305889239933;7.686116;63.041455;-1.0;True;00:05:00;2019-11-02 17:29:00;26;3;8;726FS;encs_north;1;2.0;;
1821;7;257004240;257148420;BOREAS;DANSKEN;LM8612;LK3225;11.0;14.92;;;;;0.0;0.0;3.5729774305555555;3.4701250789141413;True;False;6;6;5112.110191496266;;;;;0.0;0.0;True;False;6;6;5112.110191496266;;;;;0.0;0.0;35.348114688032865;327.22311468803287;1314.3188121608855;-64.62787607832321;250.49712392167675;10.005517;63.38745;-1.0;True;00:11:00;2019-11-07 12:11:00;19;1;12;2OW66;encs_north;1;1.0;;
1825;47;219011207;259330000;ESVAGT CAROLINE;NORDKAPP;OZAY2;LASQ;46.0;124.0;;;;;0.0;0.0;4.416413690476191;7.077630208333334;False;True;2;10;5007.845122405442;5012.2;0.0;568.5;0.0;-0.3556270949131643;-27.456394729881424;False;True;2;9;5007.845122405442;5012.2;0.0;1079.4;10.0;-0.2546158357627246;46.75189568474358;52.88291142678037;297.0079114267803;179.77522076192645;117.792843424374;130.41784342437398;7.716958;63.096909;-1.0;True;00:07:00;2019-11-07 15:02:00;11;1;8;QDY4E;encs_north;1;1.0;./img/219011207-259330000-QDY4E_-1.0.png;False
1839;15;257391000;236668000;BJUGNHOLM;KEY WEST;LAMN;ZDPF7;60.0;90.0;;;;;0.0;0.0;5.069804067460317;6.702705853174604;False;True;11;17;2272.576286948361;330.0;13.0;2435.6;0.0;0.0001142512485903;-27.299244257211864;False;True;12;18;1597.2098328021898;270.3;13.0;3108.8;0.0;-0.2081065135272721;27.656296974768907;17.89601224882726;347.2397622488273;263.69474776718613;40.49461796885245;37.322742968852495;9.480398;63.648378;-1.0;True;00:07:00;2019-11-08 05:33:00;14;6;13;D4MCX;encs_north;1;3.0;./img/257391000-236668000-D4MCX_-1.0.png;False
1861;8;257261800;257549000;;EDOEYFJORD;;3YWT;;67.0;;;;;0.0;0.0;4.552632378472222;5.459189995659722;False;False;5;5;2364.7052353306126;;;;;0.0;0.0;False;False;5;5;2364.7052353306126;;;;;0.0;0.0;73.43058832740127;278.9305883274013;585.426724706005;-30.60881264117534;189.29743735882465;8.105741;63.263093;-1.0;True;00:08:00;2019-11-14 08:01:00;13;1;9;Y58JT;encs_north;1;2.0;;
1877;29;257099240;257659000;;RONJA FJORD;;LCYR;10.65;69.86;;;;;0.0;0.0;3.511183810763889;5.486570095486112;False;False;5;5;2734.9895868174704;;;;;0.0;0.0;False;False;5;5;2734.9895868174704;;;;;0.0;0.0;21.5482495221212;287.48574952212124;828.0733361242858;-59.28711596047947;205.0253840395205;7.859748;63.20983;-1.0;True;00:08:00;2019-11-26 08:37:00;12;1;9;LDNGU;encs_north;2;2.0;;
1878;29;257131020;257099240;;;;;10.6;10.65;;;;;0.0;0.0;3.9198255208333337;3.488174479166667;False;False;6;6;3985.0316749054846;;;;;0.0;0.0;False;False;6;6;3985.0316749054846;;;;;0.0;0.0;61.42657217911999;332.05157217911994;1429.160876178748;137.08500454289722;45.96000454289723;7.939064;63.216369;-1.0;True;00:10:00;2019-11-26 08:42:00;17;1;11;LDNGU;encs_north;2;3.0;;
